#
# There is insufficient memory for the Java Runtime Environment to continue.
# Native memory allocation (malloc) failed to allocate 1491856 bytes. Error detail: Chunk::new
# Possible reasons:
#   The system is out of physical RAM or swap space
#   This process is running with CompressedOops enabled, and the Java Heap may be blocking the growth of the native heap
# Possible solutions:
#   Reduce memory load on the system
#   Increase physical memory or swap space
#   Check if swap backing store is full
#   Decrease Java heap size (-Xmx/-Xms)
#   Decrease number of Java threads
#   Decrease Java thread stack sizes (-Xss)
#   Set larger code cache with -XX:ReservedCodeCacheSize=
#   JVM is running with Unscaled Compressed Oops mode in which the Java heap is
#     placed in the first 4GB address space. The Java Heap base address is the
#     maximum limit for the native heap growth. Please use -XX:HeapBaseMinAddress
#     to set the Java Heap base and to place the Java Heap above 4GB virtual address.
# This output file may be truncated or incomplete.
#
#  Out of Memory Error (arena.cpp:191), pid=7948, tid=24472
#
# JRE version: OpenJDK Runtime Environment Microsoft-11926163 (17.0.16+8) (build 17.0.16+8-LTS)
# Java VM: OpenJDK 64-Bit Server VM Microsoft-11926163 (17.0.16+8-LTS, mixed mode, sharing, tiered, compressed oops, compressed class ptrs, g1 gc, windows-amd64)
# No core dump will be written. Minidumps are not enabled by default on client versions of Windows
#

---------------  S U M M A R Y ------------

Command Line: --add-opens=java.base/java.lang=ALL-UNNAMED --add-opens=java.base/java.lang.invoke=ALL-UNNAMED --add-opens=java.base/java.util=ALL-UNNAMED --add-opens=java.prefs/java.util.prefs=ALL-UNNAMED --add-exports=jdk.compiler/com.sun.tools.javac.api=ALL-UNNAMED --add-exports=jdk.compiler/com.sun.tools.javac.util=ALL-UNNAMED --add-opens=java.base/java.util=ALL-UNNAMED --add-opens=java.prefs/java.util.prefs=ALL-UNNAMED --add-opens=java.base/java.nio.charset=ALL-UNNAMED --add-opens=java.base/java.net=ALL-UNNAMED --add-opens=java.base/java.util.concurrent=ALL-UNNAMED --add-opens=java.base/java.util.concurrent.atomic=ALL-UNNAMED --add-opens=java.xml/javax.xml.namespace=ALL-UNNAMED -XX:MaxMetaspaceSize=512m -Xmx2048m -Dfile.encoding=windows-1252 -Duser.country=IN -Duser.language=en -Duser.variant -javaagent:D:\Android\Gradle\wrapper\dists\gradle-9.0.0-bin\d6wjpkvcgsg3oed0qlfss3wgl\gradle-9.0.0\lib\agents\gradle-instrumentation-agent-9.0.0.jar org.gradle.launcher.daemon.bootstrap.GradleDaemon 9.0.0

Host: AMD Ryzen 5 7530U with Radeon Graphics         , 12 cores, 15G,  Windows 11 , 64 bit Build 26100 (10.0.26100.5074)
Time: Wed Mar 18 22:41:28 2026 India Standard Time elapsed time: 65.022906 seconds (0d 0h 1m 5s)

---------------  T H R E A D  ---------------

Current thread (0x000002be911b8830):  JavaThread "C2 CompilerThread0" daemon [_thread_in_native, id=24472, stack(0x000000cb52a00000,0x000000cb52b00000)]


Current CompileTask:
C2:  65022 28640 %     4       com.android.tools.r8.internal.iM::a @ 1691 (4032 bytes)

Stack: [0x000000cb52a00000,0x000000cb52b00000]
Native frames: (J=compiled Java code, j=interpreted, Vv=VM code, C=native code)
V  [jvm.dll+0x68ee19]
V  [jvm.dll+0x846249]
V  [jvm.dll+0x847fb8]
V  [jvm.dll+0x848643]
V  [jvm.dll+0x24cf6f]
V  [jvm.dll+0xaecb6]
V  [jvm.dll+0xaf35c]
V  [jvm.dll+0x2b4baf]
V  [jvm.dll+0x594a14]
V  [jvm.dll+0x226d84]
V  [jvm.dll+0x22718d]
V  [jvm.dll+0x220193]
V  [jvm.dll+0x21d260]
V  [jvm.dll+0x1a8ce6]
V  [jvm.dll+0x22db1b]
V  [jvm.dll+0x22bca6]
V  [jvm.dll+0x7fba9b]
V  [jvm.dll+0x7f5e9c]
V  [jvm.dll+0x68dd27]
C  [ucrtbase.dll+0x37b0]
C  [KERNEL32.DLL+0x2e8d7]
C  [ntdll.dll+0x8d9c]


---------------  P R O C E S S  ---------------

Threads class SMR info:
_java_thread_list=0x000002bec0f08f40, length=224, elements={
0x000002bef2f8d310, 0x000002be9119d410, 0x000002be9119fdf0, 0x000002be911b0c80,
0x000002be911b1650, 0x000002be911b2f30, 0x000002be911b7c30, 0x000002be911b8830,
0x000002be911c1150, 0x000002be911c8f90, 0x000002be919f0810, 0x000002be91c27060,
0x000002beb16fca00, 0x000002beb1a13520, 0x000002beb21637e0, 0x000002beb2f49980,
0x000002beb1ee4240, 0x000002beb17f92e0, 0x000002beb17fa210, 0x000002beb17f7ea0,
0x000002beb17f97f0, 0x000002beb17f9d00, 0x000002beb17f7990, 0x000002beb17fac30,
0x000002beb17f83b0, 0x000002beb17fa720, 0x000002beb17fb140, 0x000002beb17f88c0,
0x000002beb17f8dd0, 0x000002beb41041e0, 0x000002beb4104c00, 0x000002beb4106a60,
0x000002beb4105110, 0x000002beb4106040, 0x000002beb4106f70, 0x000002beb4107480,
0x000002beb4105620, 0x000002beb4105b30, 0x000002beb4103cd0, 0x000002beb4107990,
0x000002beb4107ea0, 0x000002beb41097f0, 0x000002beb4108dd0, 0x000002beb41092e0,
0x000002beb410b140, 0x000002beb4109d00, 0x000002beb41088c0, 0x000002beb41083b0,
0x000002beb410a720, 0x000002beb410a210, 0x000002beb410ac30, 0x000002beb1fe2d80,
0x000002beb1fe41c0, 0x000002beb1fe0a10, 0x000002beb1fe37a0, 0x000002beb1fe1430,
0x000002beb1fe2360, 0x000002beb1fe1940, 0x000002beb1fe1e50, 0x000002beb1fe3290,
0x000002beb1fe2870, 0x000002beb1fe3cb0, 0x000002beb1fe46d0, 0x000002beb1fe0f20,
0x000002beb1fe6a40, 0x000002beb1fe6f50, 0x000002beb1fe5600, 0x000002beb1fe7970,
0x000002beb1fe6530, 0x000002beb1fe5b10, 0x000002beb1fe7460, 0x000002beb1fe7e80,
0x000002beb1fe50f0, 0x000002beb1fe8390, 0x000002beb1fe4be0, 0x000002beb1fe6020,
0x000002beb571bcf0, 0x000002beb571b2d0, 0x000002beb571adc0, 0x000002beb571c200,
0x000002beb571cc20, 0x000002beb571b7e0, 0x000002beb571d640, 0x000002beb571a3a0,
0x000002beb571e570, 0x000002beb571ef90, 0x000002beb571ea80, 0x000002beb571f4a0,
0x000002beb5720df0, 0x000002beb571f9b0, 0x000002beb57208e0, 0x000002beb5721300,
0x000002beb571fec0, 0x000002beb5721810, 0x000002beb57203d0, 0x000002beb571e060,
0x000002beb5721d20, 0x000002beb6f86fd0, 0x000002beb6f879f0, 0x000002beb6f88410,
0x000002beb6f87f00, 0x000002beb6f860a0, 0x000002beb6f86ac0, 0x000002beb6f88920,
0x000002beb6f85680, 0x000002beb6f88e30, 0x000002beb6f85b90, 0x000002beb6f865b0,
0x000002beb6f874e0, 0x000002beb22d5bb0, 0x000002beb22d6ae0, 0x000002beb22d5190,
0x000002beb22d8430, 0x000002beb22d7f20, 0x000002beb22d4c80, 0x000002beb22d7a10,
0x000002beb22d8940, 0x000002beb22d65d0, 0x000002beb22d56a0, 0x000002beb22d6ff0,
0x000002beb22d8e50, 0x000002beb22d9360, 0x000002beb22d9870, 0x000002beb22d60c0,
0x000002beb22d9d80, 0x000002beb22da290, 0x000002beb22da7a0, 0x000002beb22d7500,
0x000002beb22dacb0, 0x000002beb22db6d0, 0x000002beb22dbbe0, 0x000002beb22dc0f0,
0x000002beb22dc600, 0x000002beb578b010, 0x000002beb578c450, 0x000002beb578ab00,
0x000002beb578b520, 0x000002beb578c960, 0x000002beb578ba30, 0x000002beb578dda0,
0x000002beb578ce70, 0x000002beb578d380, 0x000002beb578bf40, 0x000002beb578d890,
0x000002beb578a5f0, 0x000002beb5791a60, 0x000002beb578e7c0, 0x000002beb5791550,
0x000002beb578e2b0, 0x000002beb578f1e0, 0x000002beb578ecd0, 0x000002beb5790110,
0x000002beb5791f70, 0x000002beb5790620, 0x000002beb5790b30, 0x000002beb578f6f0,
0x000002beb578fc00, 0x000002beb4f89c20, 0x000002beb4f878b0, 0x000002beb4f8a130,
0x000002beb4f882d0, 0x000002beb4f887e0, 0x000002beb4f8a640, 0x000002beb4f88cf0,
0x000002beb4f8b060, 0x000002beb4f87dc0, 0x000002beb4f8ab50, 0x000002beb4f89200,
0x000002beb4f89710, 0x000002beb5791040, 0x000002beb3c532e0, 0x000002beb3c54720,
0x000002beb3c54c30, 0x000002beb3c55140, 0x000002beb3c523b0, 0x000002beb3c54210,
0x000002beb3c537f0, 0x000002beb3c55b60, 0x000002beb3c56070, 0x000002beb3c528c0,
0x000002beb3c56580, 0x000002beb3c52dd0, 0x000002beb3c574b0, 0x000002beb3c56a90,
0x000002beb3c53d00, 0x000002beb3c583e0, 0x000002beb1ecec40, 0x000002beb1ed0fb0,
0x000002beb1ecf150, 0x000002beb1ed0080, 0x000002beb1ed19d0, 0x000002beb1ece220,
0x000002beb1ed4250, 0x000002beb1ed1ee0, 0x000002beb1ecfb70, 0x000002beb1ed3830,
0x000002beb1ed3d40, 0x000002bebf86a8e0, 0x000002bebf870e20, 0x000002bebf86fef0,
0x000002bebf86eab0, 0x000002bebf872770, 0x000002bebf871d50, 0x000002bebf872c80,
0x000002bebf872260, 0x000002bebf873190, 0x000002bebf86f9e0, 0x000002bebf8736a0,
0x000002bebf873bb0, 0x000002bebf870400, 0x000002bebf870910, 0x000002bebf8740c0,
0x000002bebf8745d0, 0x000002beb6e74b10, 0x000002bec180ded0, 0x000002bebf871330,
0x000002bebf876430, 0x000002bebf876940, 0x000002bebf875500, 0x000002bebf876e50,
0x000002bebf878290, 0x000002bebf875a10, 0x000002bebf877870, 0x000002bebf877d80
}

Java Threads: ( => current thread )
  0x000002bef2f8d310 JavaThread "main" [_thread_blocked, id=23548, stack(0x000000cb51d00000,0x000000cb51e00000)]
  0x000002be9119d410 JavaThread "Reference Handler" daemon [_thread_blocked, id=10632, stack(0x000000cb52400000,0x000000cb52500000)]
  0x000002be9119fdf0 JavaThread "Finalizer" daemon [_thread_blocked, id=17192, stack(0x000000cb52500000,0x000000cb52600000)]
  0x000002be911b0c80 JavaThread "Signal Dispatcher" daemon [_thread_blocked, id=23516, stack(0x000000cb52600000,0x000000cb52700000)]
  0x000002be911b1650 JavaThread "Attach Listener" daemon [_thread_blocked, id=6028, stack(0x000000cb52700000,0x000000cb52800000)]
  0x000002be911b2f30 JavaThread "Service Thread" daemon [_thread_blocked, id=10028, stack(0x000000cb52800000,0x000000cb52900000)]
  0x000002be911b7c30 JavaThread "Monitor Deflation Thread" daemon [_thread_blocked, id=6420, stack(0x000000cb52900000,0x000000cb52a00000)]
=>0x000002be911b8830 JavaThread "C2 CompilerThread0" daemon [_thread_in_native, id=24472, stack(0x000000cb52a00000,0x000000cb52b00000)]
  0x000002be911c1150 JavaThread "C1 CompilerThread0" daemon [_thread_in_native, id=4572, stack(0x000000cb52b00000,0x000000cb52c00000)]
  0x000002be911c8f90 JavaThread "Sweeper thread" daemon [_thread_blocked, id=25092, stack(0x000000cb52c00000,0x000000cb52d00000)]
  0x000002be919f0810 JavaThread "Common-Cleaner" daemon [_thread_blocked, id=20392, stack(0x000000cb52d00000,0x000000cb52e00000)]
  0x000002be91c27060 JavaThread "Notification Thread" daemon [_thread_blocked, id=14544, stack(0x000000cb52e00000,0x000000cb52f00000)]
  0x000002beb16fca00 JavaThread "Daemon health stats" [_thread_blocked, id=2564, stack(0x000000cb53600000,0x000000cb53700000)]
  0x000002beb1a13520 JavaThread "Incoming local TCP Connector on port 53779" [_thread_in_native, id=1880, stack(0x000000cb53100000,0x000000cb53200000)]
  0x000002beb21637e0 JavaThread "Daemon periodic checks" [_thread_blocked, id=19892, stack(0x000000cb53700000,0x000000cb53800000)]
  0x000002beb2f49980 JavaThread "Daemon" [_thread_blocked, id=18936, stack(0x000000cb53800000,0x000000cb53900000)]
  0x000002beb1ee4240 JavaThread "Handler for socket connection from /127.0.0.1:53779 to /127.0.0.1:53780" [_thread_in_native, id=25336, stack(0x000000cb53900000,0x000000cb53a00000)]
  0x000002beb17f92e0 JavaThread "Cancel handler" [_thread_blocked, id=2312, stack(0x000000cb53a00000,0x000000cb53b00000)]
  0x000002beb17fa210 JavaThread "Daemon worker" [_thread_blocked, id=1764, stack(0x000000cb53b00000,0x000000cb53c00000)]
  0x000002beb17f7ea0 JavaThread "Asynchronous log dispatcher for DefaultDaemonConnection: socket connection from /127.0.0.1:53779 to /127.0.0.1:53780" [_thread_blocked, id=2772, stack(0x000000cb53c00000,0x000000cb53d00000)]
  0x000002beb17f97f0 JavaThread "Stdin handler" [_thread_blocked, id=20404, stack(0x000000cb53d00000,0x000000cb53e00000)]
  0x000002beb17f9d00 JavaThread "Daemon client event forwarder" [_thread_blocked, id=10576, stack(0x000000cb53e00000,0x000000cb53f00000)]
  0x000002beb17f7990 JavaThread "Cache worker for journal cache (D:\Android\Gradle\caches\journal-1)" [_thread_blocked, id=2468, stack(0x000000cb53f00000,0x000000cb54000000)]
  0x000002beb17fac30 JavaThread "File lock request listener" [_thread_in_native, id=18512, stack(0x000000cb54000000,0x000000cb54100000)]
  0x000002beb17f83b0 JavaThread "Cache worker for file hash cache (D:\Android\Gradle\caches\9.0.0\fileHashes)" [_thread_blocked, id=1244, stack(0x000000cb54100000,0x000000cb54200000)]
  0x000002beb17fa720 JavaThread "Cache worker for file hash cache (D:\Projects\MovieChatBot\android\.gradle\9.0.0\fileHashes)" [_thread_blocked, id=23420, stack(0x000000cb54a00000,0x000000cb54b00000)]
  0x000002beb17fb140 JavaThread "Cache worker for Build Output Cleanup Cache (D:\Projects\MovieChatBot\android\.gradle\buildOutputCleanup)" [_thread_blocked, id=12572, stack(0x000000cb54b00000,0x000000cb54c00000)]
  0x000002beb17f88c0 JavaThread "File watcher server" daemon [_thread_in_native, id=1696, stack(0x000000cb54c00000,0x000000cb54d00000)]
  0x000002beb17f8dd0 JavaThread "File watcher consumer" daemon [_thread_blocked, id=2416, stack(0x000000cb54d00000,0x000000cb54e00000)]
  0x000002beb41041e0 JavaThread "Cache worker for checksums cache (D:\Projects\MovieChatBot\android\.gradle\9.0.0\checksums)" [_thread_blocked, id=24012, stack(0x000000cb54e00000,0x000000cb54f00000)]
  0x000002beb4104c00 JavaThread "Cache worker for file content cache (D:\Android\Gradle\caches\9.0.0\fileContent)" [_thread_blocked, id=25008, stack(0x000000cb54f00000,0x000000cb55000000)]
  0x000002beb4106a60 JavaThread "Cache worker for cache directory md-supplier (D:\Android\Gradle\caches\9.0.0\md-supplier)" [_thread_blocked, id=22040, stack(0x000000cb55000000,0x000000cb55100000)]
  0x000002beb4105110 JavaThread "Cache worker for cache directory md-rule (D:\Android\Gradle\caches\9.0.0\md-rule)" [_thread_blocked, id=16048, stack(0x000000cb55100000,0x000000cb55200000)]
  0x000002beb4106040 JavaThread "jar transforms" [_thread_blocked, id=1736, stack(0x000000cb55200000,0x000000cb55300000)]
  0x000002beb4106f70 JavaThread "Cache worker for Build Output Cleanup Cache (D:\Projects\MovieChatBot\node_modules\@react-native\gradle-plugin\.gradle\buildOutputCleanup)" [_thread_blocked, id=23616, stack(0x000000cb55300000,0x000000cb55400000)]
  0x000002beb4107480 JavaThread "Unconstrained build operations" [_thread_blocked, id=1924, stack(0x000000cb55400000,0x000000cb55500000)]
  0x000002beb4105620 JavaThread "Unconstrained build operations Thread 2" [_thread_blocked, id=25300, stack(0x000000cb55500000,0x000000cb55600000)]
  0x000002beb4105b30 JavaThread "Unconstrained build operations Thread 3" [_thread_blocked, id=24092, stack(0x000000cb55600000,0x000000cb55700000)]
  0x000002beb4103cd0 JavaThread "Unconstrained build operations Thread 4" [_thread_blocked, id=22032, stack(0x000000cb55700000,0x000000cb55800000)]
  0x000002beb4107990 JavaThread "Unconstrained build operations Thread 5" [_thread_blocked, id=10344, stack(0x000000cb55800000,0x000000cb55900000)]
  0x000002beb4107ea0 JavaThread "Unconstrained build operations Thread 6" [_thread_blocked, id=9640, stack(0x000000cb55900000,0x000000cb55a00000)]
  0x000002beb41097f0 JavaThread "Unconstrained build operations Thread 7" [_thread_blocked, id=5544, stack(0x000000cb55a00000,0x000000cb55b00000)]
  0x000002beb4108dd0 JavaThread "Unconstrained build operations Thread 8" [_thread_blocked, id=15000, stack(0x000000cb55b00000,0x000000cb55c00000)]
  0x000002beb41092e0 JavaThread "Unconstrained build operations Thread 9" [_thread_blocked, id=24032, stack(0x000000cb55c00000,0x000000cb55d00000)]
  0x000002beb410b140 JavaThread "Unconstrained build operations Thread 10" [_thread_blocked, id=6580, stack(0x000000cb55d00000,0x000000cb55e00000)]
  0x000002beb4109d00 JavaThread "Unconstrained build operations Thread 11" [_thread_blocked, id=4688, stack(0x000000cb55e00000,0x000000cb55f00000)]
  0x000002beb41088c0 JavaThread "Unconstrained build operations Thread 12" [_thread_blocked, id=18660, stack(0x000000cb55f00000,0x000000cb56000000)]
  0x000002beb41083b0 JavaThread "Unconstrained build operations Thread 13" [_thread_blocked, id=16648, stack(0x000000cb56000000,0x000000cb56100000)]
  0x000002beb410a720 JavaThread "Unconstrained build operations Thread 14" [_thread_blocked, id=5828, stack(0x000000cb56100000,0x000000cb56200000)]
  0x000002beb410a210 JavaThread "Unconstrained build operations Thread 15" [_thread_blocked, id=3112, stack(0x000000cb56200000,0x000000cb56300000)]
  0x000002beb410ac30 JavaThread "Unconstrained build operations Thread 16" [_thread_blocked, id=2180, stack(0x000000cb56300000,0x000000cb56400000)]
  0x000002beb1fe2d80 JavaThread "Unconstrained build operations Thread 17" [_thread_blocked, id=14780, stack(0x000000cb56400000,0x000000cb56500000)]
  0x000002beb1fe41c0 JavaThread "Unconstrained build operations Thread 18" [_thread_blocked, id=7852, stack(0x000000cb56500000,0x000000cb56600000)]
  0x000002beb1fe0a10 JavaThread "Unconstrained build operations Thread 19" [_thread_blocked, id=15440, stack(0x000000cb56600000,0x000000cb56700000)]
  0x000002beb1fe37a0 JavaThread "Unconstrained build operations Thread 20" [_thread_blocked, id=24312, stack(0x000000cb56700000,0x000000cb56800000)]
  0x000002beb1fe1430 JavaThread "Unconstrained build operations Thread 21" [_thread_blocked, id=23800, stack(0x000000cb56800000,0x000000cb56900000)]
  0x000002beb1fe2360 JavaThread "Unconstrained build operations Thread 22" [_thread_blocked, id=12308, stack(0x000000cb56900000,0x000000cb56a00000)]
  0x000002beb1fe1940 JavaThread "Unconstrained build operations Thread 23" [_thread_blocked, id=14000, stack(0x000000cb56a00000,0x000000cb56b00000)]
  0x000002beb1fe1e50 JavaThread "Unconstrained build operations Thread 24" [_thread_blocked, id=20324, stack(0x000000cb56b00000,0x000000cb56c00000)]
  0x000002beb1fe3290 JavaThread "Unconstrained build operations Thread 25" [_thread_blocked, id=6932, stack(0x000000cb56c00000,0x000000cb56d00000)]
  0x000002beb1fe2870 JavaThread "Unconstrained build operations Thread 26" [_thread_blocked, id=11280, stack(0x000000cb56d00000,0x000000cb56e00000)]
  0x000002beb1fe3cb0 JavaThread "Unconstrained build operations Thread 27" [_thread_blocked, id=13976, stack(0x000000cb56e00000,0x000000cb56f00000)]
  0x000002beb1fe46d0 JavaThread "Unconstrained build operations Thread 28" [_thread_blocked, id=13612, stack(0x000000cb56f00000,0x000000cb57000000)]
  0x000002beb1fe0f20 JavaThread "Unconstrained build operations Thread 29" [_thread_blocked, id=24772, stack(0x000000cb57000000,0x000000cb57100000)]
  0x000002beb1fe6a40 JavaThread "Unconstrained build operations Thread 30" [_thread_blocked, id=11336, stack(0x000000cb57100000,0x000000cb57200000)]
  0x000002beb1fe6f50 JavaThread "Unconstrained build operations Thread 31" [_thread_blocked, id=25076, stack(0x000000cb57200000,0x000000cb57300000)]
  0x000002beb1fe5600 JavaThread "Unconstrained build operations Thread 32" [_thread_blocked, id=23364, stack(0x000000cb57300000,0x000000cb57400000)]
  0x000002beb1fe7970 JavaThread "Unconstrained build operations Thread 33" [_thread_blocked, id=21756, stack(0x000000cb57400000,0x000000cb57500000)]
  0x000002beb1fe6530 JavaThread "Unconstrained build operations Thread 34" [_thread_blocked, id=13292, stack(0x000000cb57500000,0x000000cb57600000)]
  0x000002beb1fe5b10 JavaThread "Unconstrained build operations Thread 35" [_thread_blocked, id=9576, stack(0x000000cb57600000,0x000000cb57700000)]
  0x000002beb1fe7460 JavaThread "Unconstrained build operations Thread 36" [_thread_blocked, id=2168, stack(0x000000cb57700000,0x000000cb57800000)]
  0x000002beb1fe7e80 JavaThread "Unconstrained build operations Thread 37" [_thread_blocked, id=18720, stack(0x000000cb57800000,0x000000cb57900000)]
  0x000002beb1fe50f0 JavaThread "Unconstrained build operations Thread 38" [_thread_blocked, id=1648, stack(0x000000cb57900000,0x000000cb57a00000)]
  0x000002beb1fe8390 JavaThread "Unconstrained build operations Thread 39" [_thread_blocked, id=21064, stack(0x000000cb57a00000,0x000000cb57b00000)]
  0x000002beb1fe4be0 JavaThread "build event listener" [_thread_blocked, id=5588, stack(0x000000cb57b00000,0x000000cb57c00000)]
  0x000002beb1fe6020 JavaThread "Memory manager" [_thread_blocked, id=24292, stack(0x000000cb54900000,0x000000cb54a00000)]
  0x000002beb571bcf0 JavaThread "ForkJoinPool.commonPool-worker-1" daemon [_thread_blocked, id=4828, stack(0x000000cb57d00000,0x000000cb57e00000)]
  0x000002beb571b2d0 JavaThread "ForkJoinPool.commonPool-worker-2" daemon [_thread_blocked, id=24808, stack(0x000000cb57e00000,0x000000cb57f00000)]
  0x000002beb571adc0 JavaThread "ForkJoinPool.commonPool-worker-3" daemon [_thread_blocked, id=23936, stack(0x000000cb57f00000,0x000000cb58000000)]
  0x000002beb571c200 JavaThread "ForkJoinPool.commonPool-worker-4" daemon [_thread_blocked, id=17816, stack(0x000000cb58000000,0x000000cb58100000)]
  0x000002beb571cc20 JavaThread "ForkJoinPool.commonPool-worker-5" daemon [_thread_blocked, id=692, stack(0x000000cb58100000,0x000000cb58200000)]
  0x000002beb571b7e0 JavaThread "ForkJoinPool.commonPool-worker-6" daemon [_thread_blocked, id=24720, stack(0x000000cb58200000,0x000000cb58300000)]
  0x000002beb571d640 JavaThread "ForkJoinPool.commonPool-worker-7" daemon [_thread_blocked, id=14096, stack(0x000000cb58300000,0x000000cb58400000)]
  0x000002beb571a3a0 JavaThread "ForkJoinPool.commonPool-worker-8" daemon [_thread_blocked, id=16784, stack(0x000000cb58400000,0x000000cb58500000)]
  0x000002beb571e570 JavaThread "ForkJoinPool.commonPool-worker-9" daemon [_thread_blocked, id=24432, stack(0x000000cb58500000,0x000000cb58600000)]
  0x000002beb571ef90 JavaThread "ForkJoinPool.commonPool-worker-10" daemon [_thread_blocked, id=5052, stack(0x000000cb58600000,0x000000cb58700000)]
  0x000002beb571ea80 JavaThread "ForkJoinPool.commonPool-worker-11" daemon [_thread_blocked, id=16456, stack(0x000000cb58700000,0x000000cb58800000)]
  0x000002beb571f4a0 JavaThread "included builds" [_thread_blocked, id=14948, stack(0x000000cb58800000,0x000000cb58900000)]
  0x000002beb5720df0 JavaThread "Execution worker" [_thread_blocked, id=19344, stack(0x000000cb58900000,0x000000cb58a00000)]
  0x000002beb571f9b0 JavaThread "Execution worker Thread 2" [_thread_blocked, id=25044, stack(0x000000cb58a00000,0x000000cb58b00000)]
  0x000002beb57208e0 JavaThread "Execution worker Thread 3" [_thread_blocked, id=25208, stack(0x000000cb58b00000,0x000000cb58c00000)]
  0x000002beb5721300 JavaThread "Execution worker Thread 4" [_thread_blocked, id=3048, stack(0x000000cb58c00000,0x000000cb58d00000)]
  0x000002beb571fec0 JavaThread "Execution worker Thread 5" [_thread_blocked, id=15616, stack(0x000000cb58d00000,0x000000cb58e00000)]
  0x000002beb5721810 JavaThread "Execution worker Thread 6" [_thread_blocked, id=5668, stack(0x000000cb58e00000,0x000000cb58f00000)]
  0x000002beb57203d0 JavaThread "Execution worker Thread 7" [_thread_blocked, id=4692, stack(0x000000cb58f00000,0x000000cb59000000)]
  0x000002beb571e060 JavaThread "Execution worker Thread 8" [_thread_blocked, id=3188, stack(0x000000cb59000000,0x000000cb59100000)]
  0x000002beb5721d20 JavaThread "Execution worker Thread 9" [_thread_blocked, id=1320, stack(0x000000cb59100000,0x000000cb59200000)]
  0x000002beb6f86fd0 JavaThread "Execution worker Thread 10" [_thread_blocked, id=3508, stack(0x000000cb59200000,0x000000cb59300000)]
  0x000002beb6f879f0 JavaThread "Execution worker Thread 11" [_thread_blocked, id=2116, stack(0x000000cb59300000,0x000000cb59400000)]
  0x000002beb6f88410 JavaThread "Cache worker for execution history cache (D:\Projects\MovieChatBot\node_modules\@react-native\gradle-plugin\.gradle\9.0.0\executionHistory)" [_thread_blocked, id=2672, stack(0x000000cb59400000,0x000000cb59500000)]
  0x000002beb6f87f00 JavaThread "Unconstrained build operations Thread 40" [_thread_blocked, id=12272, stack(0x000000cb59500000,0x000000cb59600000)]
  0x000002beb6f860a0 JavaThread "Unconstrained build operations Thread 41" [_thread_blocked, id=25424, stack(0x000000cb59600000,0x000000cb59700000)]
  0x000002beb6f86ac0 JavaThread "Unconstrained build operations Thread 42" [_thread_blocked, id=1748, stack(0x000000cb59700000,0x000000cb59800000)]
  0x000002beb6f88920 JavaThread "Unconstrained build operations Thread 43" [_thread_blocked, id=2876, stack(0x000000cb59800000,0x000000cb59900000)]
  0x000002beb6f85680 JavaThread "Unconstrained build operations Thread 44" [_thread_blocked, id=8268, stack(0x000000cb59900000,0x000000cb59a00000)]
  0x000002beb6f88e30 JavaThread "Unconstrained build operations Thread 45" [_thread_blocked, id=25084, stack(0x000000cb59a00000,0x000000cb59b00000)]
  0x000002beb6f85b90 JavaThread "Unconstrained build operations Thread 46" [_thread_blocked, id=4348, stack(0x000000cb59b00000,0x000000cb59c00000)]
  0x000002beb6f865b0 JavaThread "Unconstrained build operations Thread 47" [_thread_blocked, id=5640, stack(0x000000cb59c00000,0x000000cb59d00000)]
  0x000002beb6f874e0 JavaThread "Unconstrained build operations Thread 48" [_thread_blocked, id=16084, stack(0x000000cb59d00000,0x000000cb59e00000)]
  0x000002beb22d5bb0 JavaThread "Unconstrained build operations Thread 49" [_thread_blocked, id=2212, stack(0x000000cb59e00000,0x000000cb59f00000)]
  0x000002beb22d6ae0 JavaThread "Unconstrained build operations Thread 50" [_thread_blocked, id=23820, stack(0x000000cb59f00000,0x000000cb5a000000)]
  0x000002beb22d5190 JavaThread "Unconstrained build operations Thread 51" [_thread_blocked, id=13692, stack(0x000000cb5a000000,0x000000cb5a100000)]
  0x000002beb22d8430 JavaThread "Unconstrained build operations Thread 52" [_thread_blocked, id=12424, stack(0x000000cb5a100000,0x000000cb5a200000)]
  0x000002beb22d7f20 JavaThread "Unconstrained build operations Thread 53" [_thread_blocked, id=13480, stack(0x000000cb5a200000,0x000000cb5a300000)]
  0x000002beb22d4c80 JavaThread "Unconstrained build operations Thread 54" [_thread_blocked, id=4364, stack(0x000000cb5a300000,0x000000cb5a400000)]
  0x000002beb22d7a10 JavaThread "Unconstrained build operations Thread 55" [_thread_blocked, id=18452, stack(0x000000cb5a400000,0x000000cb5a500000)]
  0x000002beb22d8940 JavaThread "Unconstrained build operations Thread 56" [_thread_blocked, id=12688, stack(0x000000cb5a500000,0x000000cb5a600000)]
  0x000002beb22d65d0 JavaThread "Unconstrained build operations Thread 57" [_thread_blocked, id=16948, stack(0x000000cb5a600000,0x000000cb5a700000)]
  0x000002beb22d56a0 JavaThread "Unconstrained build operations Thread 58" [_thread_blocked, id=5820, stack(0x000000cb5a700000,0x000000cb5a800000)]
  0x000002beb22d6ff0 JavaThread "Unconstrained build operations Thread 59" [_thread_blocked, id=23412, stack(0x000000cb5a800000,0x000000cb5a900000)]
  0x000002beb22d8e50 JavaThread "Unconstrained build operations Thread 60" [_thread_blocked, id=23036, stack(0x000000cb5a900000,0x000000cb5aa00000)]
  0x000002beb22d9360 JavaThread "Unconstrained build operations Thread 61" [_thread_blocked, id=24340, stack(0x000000cb5aa00000,0x000000cb5ab00000)]
  0x000002beb22d9870 JavaThread "Unconstrained build operations Thread 62" [_thread_blocked, id=25080, stack(0x000000cb5ab00000,0x000000cb5ac00000)]
  0x000002beb22d60c0 JavaThread "Unconstrained build operations Thread 63" [_thread_blocked, id=5656, stack(0x000000cb5ac00000,0x000000cb5ad00000)]
  0x000002beb22d9d80 JavaThread "Unconstrained build operations Thread 64" [_thread_blocked, id=4668, stack(0x000000cb5ad00000,0x000000cb5ae00000)]
  0x000002beb22da290 JavaThread "Unconstrained build operations Thread 65" [_thread_blocked, id=6664, stack(0x000000cb5ae00000,0x000000cb5af00000)]
  0x000002beb22da7a0 JavaThread "Unconstrained build operations Thread 66" [_thread_blocked, id=21976, stack(0x000000cb5af00000,0x000000cb5b000000)]
  0x000002beb22d7500 JavaThread "Unconstrained build operations Thread 67" [_thread_blocked, id=5548, stack(0x000000cb5b000000,0x000000cb5b100000)]
  0x000002beb22dacb0 JavaThread "Unconstrained build operations Thread 68" [_thread_blocked, id=14072, stack(0x000000cb5b100000,0x000000cb5b200000)]
  0x000002beb22db6d0 JavaThread "Unconstrained build operations Thread 69" [_thread_blocked, id=13552, stack(0x000000cb5b200000,0x000000cb5b300000)]
  0x000002beb22dbbe0 JavaThread "Unconstrained build operations Thread 70" [_thread_blocked, id=15288, stack(0x000000cb5b300000,0x000000cb5b400000)]
  0x000002beb22dc0f0 JavaThread "Unconstrained build operations Thread 71" [_thread_blocked, id=1932, stack(0x000000cb5b400000,0x000000cb5b500000)]
  0x000002beb22dc600 JavaThread "Unconstrained build operations Thread 72" [_thread_blocked, id=2188, stack(0x000000cb5b500000,0x000000cb5b600000)]
  0x000002beb578b010 JavaThread "Unconstrained build operations Thread 73" [_thread_blocked, id=9732, stack(0x000000cb5b600000,0x000000cb5b700000)]
  0x000002beb578c450 JavaThread "Unconstrained build operations Thread 74" [_thread_blocked, id=4428, stack(0x000000cb5b700000,0x000000cb5b800000)]
  0x000002beb578ab00 JavaThread "Unconstrained build operations Thread 75" [_thread_blocked, id=18532, stack(0x000000cb5b800000,0x000000cb5b900000)]
  0x000002beb578b520 JavaThread "Unconstrained build operations Thread 76" [_thread_blocked, id=12400, stack(0x000000cb5b900000,0x000000cb5ba00000)]
  0x000002beb578c960 JavaThread "Unconstrained build operations Thread 77" [_thread_blocked, id=2860, stack(0x000000cb5ba00000,0x000000cb5bb00000)]
  0x000002beb578ba30 JavaThread "Unconstrained build operations Thread 78" [_thread_blocked, id=21316, stack(0x000000cb5bb00000,0x000000cb5bc00000)]
  0x000002beb578dda0 JavaThread "Unconstrained build operations Thread 79" [_thread_blocked, id=1052, stack(0x000000cb5bc00000,0x000000cb5bd00000)]
  0x000002beb578ce70 JavaThread "Unconstrained build operations Thread 80" [_thread_blocked, id=16820, stack(0x000000cb5bd00000,0x000000cb5be00000)]
  0x000002beb578d380 JavaThread "Unconstrained build operations Thread 81" [_thread_blocked, id=15392, stack(0x000000cb5be00000,0x000000cb5bf00000)]
  0x000002beb578bf40 JavaThread "Unconstrained build operations Thread 82" [_thread_blocked, id=23664, stack(0x000000cb5bf00000,0x000000cb5c000000)]
  0x000002beb578d890 JavaThread "Unconstrained build operations Thread 83" [_thread_blocked, id=1804, stack(0x000000cb5c000000,0x000000cb5c100000)]
  0x000002beb578a5f0 JavaThread "Unconstrained build operations Thread 84" [_thread_blocked, id=268, stack(0x000000cb5c100000,0x000000cb5c200000)]
  0x000002beb5791a60 JavaThread "Unconstrained build operations Thread 85" [_thread_blocked, id=3308, stack(0x000000cb5c200000,0x000000cb5c300000)]
  0x000002beb578e7c0 JavaThread "Unconstrained build operations Thread 86" [_thread_blocked, id=9832, stack(0x000000cb5c300000,0x000000cb5c400000)]
  0x000002beb5791550 JavaThread "Unconstrained build operations Thread 87" [_thread_blocked, id=7512, stack(0x000000cb5c400000,0x000000cb5c500000)]
  0x000002beb578e2b0 JavaThread "Unconstrained build operations Thread 88" [_thread_blocked, id=6788, stack(0x000000cb5c500000,0x000000cb5c600000)]
  0x000002beb578f1e0 JavaThread "Unconstrained build operations Thread 89" [_thread_blocked, id=14972, stack(0x000000cb5c600000,0x000000cb5c700000)]
  0x000002beb578ecd0 JavaThread "Unconstrained build operations Thread 90" [_thread_blocked, id=2108, stack(0x000000cb5c700000,0x000000cb5c800000)]
  0x000002beb5790110 JavaThread "Unconstrained build operations Thread 91" [_thread_blocked, id=2096, stack(0x000000cb5c800000,0x000000cb5c900000)]
  0x000002beb5791f70 JavaThread "Unconstrained build operations Thread 92" [_thread_blocked, id=13688, stack(0x000000cb5c900000,0x000000cb5ca00000)]
  0x000002beb5790620 JavaThread "Unconstrained build operations Thread 93" [_thread_blocked, id=12144, stack(0x000000cb5ca00000,0x000000cb5cb00000)]
  0x000002beb5790b30 JavaThread "Unconstrained build operations Thread 94" [_thread_blocked, id=1336, stack(0x000000cb5cb00000,0x000000cb5cc00000)]
  0x000002beb578f6f0 JavaThread "Unconstrained build operations Thread 95" [_thread_blocked, id=21984, stack(0x000000cb5cc00000,0x000000cb5cd00000)]
  0x000002beb578fc00 JavaThread "Unconstrained build operations Thread 96" [_thread_blocked, id=5144, stack(0x000000cb5cd00000,0x000000cb5ce00000)]
  0x000002beb4f89c20 JavaThread "Unconstrained build operations Thread 97" [_thread_blocked, id=14032, stack(0x000000cb5ce00000,0x000000cb5cf00000)]
  0x000002beb4f878b0 JavaThread "Unconstrained build operations Thread 98" [_thread_blocked, id=23332, stack(0x000000cb5cf00000,0x000000cb5d000000)]
  0x000002beb4f8a130 JavaThread "Unconstrained build operations Thread 99" [_thread_blocked, id=2636, stack(0x000000cb5d000000,0x000000cb5d100000)]
  0x000002beb4f882d0 JavaThread "Unconstrained build operations Thread 100" [_thread_blocked, id=21944, stack(0x000000cb5d100000,0x000000cb5d200000)]
  0x000002beb4f887e0 JavaThread "Unconstrained build operations Thread 101" [_thread_blocked, id=15640, stack(0x000000cb5d200000,0x000000cb5d300000)]
  0x000002beb4f8a640 JavaThread "Unconstrained build operations Thread 102" [_thread_blocked, id=23768, stack(0x000000cb5d300000,0x000000cb5d400000)]
  0x000002beb4f88cf0 JavaThread "Unconstrained build operations Thread 103" [_thread_blocked, id=20124, stack(0x000000cb5d400000,0x000000cb5d500000)]
  0x000002beb4f8b060 JavaThread "Unconstrained build operations Thread 104" [_thread_blocked, id=4952, stack(0x000000cb5d500000,0x000000cb5d600000)]
  0x000002beb4f87dc0 JavaThread "Unconstrained build operations Thread 105" [_thread_blocked, id=10140, stack(0x000000cb5d600000,0x000000cb5d700000)]
  0x000002beb4f8ab50 JavaThread "Unconstrained build operations Thread 106" [_thread_blocked, id=4608, stack(0x000000cb5d700000,0x000000cb5d800000)]
  0x000002beb4f89200 JavaThread "Unconstrained build operations Thread 107" [_thread_blocked, id=1772, stack(0x000000cb5d800000,0x000000cb5d900000)]
  0x000002beb4f89710 JavaThread "Unconstrained build operations Thread 108" [_thread_blocked, id=19904, stack(0x000000cb5d900000,0x000000cb5da00000)]
  0x000002beb5791040 JavaThread "Unconstrained build operations Thread 109" [_thread_blocked, id=18008, stack(0x000000cb5da00000,0x000000cb5db00000)]
  0x000002beb3c532e0 JavaThread "Unconstrained build operations Thread 110" [_thread_blocked, id=23540, stack(0x000000cb5db00000,0x000000cb5dc00000)]
  0x000002beb3c54720 JavaThread "Unconstrained build operations Thread 111" [_thread_blocked, id=13256, stack(0x000000cb5dc00000,0x000000cb5dd00000)]
  0x000002beb3c54c30 JavaThread "Unconstrained build operations Thread 112" [_thread_blocked, id=1720, stack(0x000000cb5dd00000,0x000000cb5de00000)]
  0x000002beb3c55140 JavaThread "jar transforms Thread 2" [_thread_blocked, id=2088, stack(0x000000cb5de00000,0x000000cb5df00000)]
  0x000002beb3c523b0 JavaThread "jar transforms Thread 3" [_thread_blocked, id=12064, stack(0x000000cb5df00000,0x000000cb5e000000)]
  0x000002beb3c54210 JavaThread "Unconstrained build operations Thread 113" [_thread_blocked, id=11716, stack(0x000000cb5e000000,0x000000cb5e100000)]
  0x000002beb3c537f0 JavaThread "Unconstrained build operations Thread 114" [_thread_blocked, id=4660, stack(0x000000cb5e100000,0x000000cb5e200000)]
  0x000002beb3c55b60 JavaThread "Unconstrained build operations Thread 115" [_thread_blocked, id=1632, stack(0x000000cb5e200000,0x000000cb5e300000)]
  0x000002beb3c56070 JavaThread "Unconstrained build operations Thread 116" [_thread_blocked, id=1664, stack(0x000000cb5e300000,0x000000cb5e400000)]
  0x000002beb3c528c0 JavaThread "Unconstrained build operations Thread 117" [_thread_blocked, id=25580, stack(0x000000cb5e400000,0x000000cb5e500000)]
  0x000002beb3c56580 JavaThread "Unconstrained build operations Thread 118" [_thread_blocked, id=3524, stack(0x000000cb5e500000,0x000000cb5e600000)]
  0x000002beb3c52dd0 JavaThread "Unconstrained build operations Thread 119" [_thread_blocked, id=15700, stack(0x000000cb5e600000,0x000000cb5e700000)]
  0x000002beb3c574b0 JavaThread "Unconstrained build operations Thread 120" [_thread_blocked, id=3124, stack(0x000000cb5e700000,0x000000cb5e800000)]
  0x000002beb3c56a90 JavaThread "jar transforms Thread 4" [_thread_blocked, id=24372, stack(0x000000cb5e800000,0x000000cb5e900000)]
  0x000002beb3c53d00 JavaThread "jar transforms Thread 5" [_thread_blocked, id=10244, stack(0x000000cb5e900000,0x000000cb5ea00000)]
  0x000002beb3c583e0 JavaThread "jar transforms Thread 6" [_thread_blocked, id=1168, stack(0x000000cb53000000,0x000000cb53100000)]
  0x000002beb1ecec40 JavaThread "build event listener" [_thread_blocked, id=1904, stack(0x000000cb5eb00000,0x000000cb5ec00000)]
  0x000002beb1ed0fb0 JavaThread "jar transforms Thread 7" [_thread_blocked, id=13896, stack(0x000000cb5ec00000,0x000000cb5ed00000)]
  0x000002beb1ecf150 JavaThread "jar transforms Thread 8" [_thread_blocked, id=7116, stack(0x000000cb5ed00000,0x000000cb5ee00000)]
  0x000002beb1ed0080 JavaThread "Problems report writer" [_thread_blocked, id=25532, stack(0x000000cb5ee00000,0x000000cb5ef00000)]
  0x000002beb1ed19d0 JavaThread "jar transforms Thread 9" [_thread_blocked, id=14880, stack(0x000000cb5ef00000,0x000000cb5f000000)]
  0x000002beb1ece220 JavaThread "jar transforms Thread 10" [_thread_blocked, id=24524, stack(0x000000cb5f200000,0x000000cb5f300000)]
  0x000002beb1ed4250 JavaThread "jar transforms Thread 11" [_thread_blocked, id=22712, stack(0x000000cb5f300000,0x000000cb5f400000)]
  0x000002beb1ed1ee0 JavaThread "jar transforms Thread 12" [_thread_blocked, id=23356, stack(0x000000cb5f400000,0x000000cb5f500000)]
  0x000002beb1ecfb70 JavaThread "Exec process" [_thread_in_native, id=16096, stack(0x000000cb5f500000,0x000000cb5f600000)]
  0x000002beb1ed3830 JavaThread "Exec process Thread 2" [_thread_in_native, id=25280, stack(0x000000cb5f600000,0x000000cb5f700000)]
  0x000002beb1ed3d40 JavaThread "Exec process Thread 3" [_thread_in_native, id=132, stack(0x000000cb5f700000,0x000000cb5f800000)]
  0x000002bebf86a8e0 JavaThread "Cache worker for execution history cache (D:\Projects\MovieChatBot\android\.gradle\9.0.0\executionHistory)" [_thread_blocked, id=5408, stack(0x000000cb5fa00000,0x000000cb5fb00000)]
  0x000002bebf870e20 JavaThread "WorkerExecutor Queue" [_thread_blocked, id=1560, stack(0x000000cb5fb00000,0x000000cb5fc00000)]
  0x000002bebf86fef0 JavaThread "WorkerExecutor Queue Thread 2" [_thread_blocked, id=20160, stack(0x000000cb5fc00000,0x000000cb5fd00000)]
  0x000002bebf86eab0 JavaThread "WorkerExecutor Queue Thread 3" [_thread_blocked, id=1236, stack(0x000000cb5fd00000,0x000000cb5fe00000)]
  0x000002bebf872770 JavaThread "ForkJoinPool-1-worker-1" daemon [_thread_in_Java, id=17652, stack(0x000000cb57c00000,0x000000cb57d00000)]
  0x000002bebf871d50 JavaThread "ForkJoinPool-1-worker-2" daemon [_thread_blocked, id=5948, stack(0x000000cb5ea00000,0x000000cb5eb00000)]
  0x000002bebf872c80 JavaThread "ForkJoinPool-1-worker-3" daemon [_thread_blocked, id=21288, stack(0x000000cb60100000,0x000000cb60200000)]
  0x000002bebf872260 JavaThread "ForkJoinPool-1-worker-4" daemon [_thread_blocked, id=2736, stack(0x000000cb60200000,0x000000cb60300000)]
  0x000002bebf873190 JavaThread "ForkJoinPool-1-worker-5" daemon [_thread_blocked, id=400, stack(0x000000cb60300000,0x000000cb60400000)]
  0x000002bebf86f9e0 JavaThread "ForkJoinPool-1-worker-6" daemon [_thread_blocked, id=2076, stack(0x000000cb60400000,0x000000cb60500000)]
  0x000002bebf8736a0 JavaThread "ForkJoinPool-1-worker-7" daemon [_thread_blocked, id=22384, stack(0x000000cb60500000,0x000000cb60600000)]
  0x000002bebf873bb0 JavaThread "ForkJoinPool-1-worker-8" daemon [_thread_in_Java, id=24848, stack(0x000000cb60600000,0x000000cb60700000)]
  0x000002bebf870400 JavaThread "ForkJoinPool-1-worker-9" daemon [_thread_in_Java, id=10744, stack(0x000000cb60700000,0x000000cb60800000)]
  0x000002bebf870910 JavaThread "ForkJoinPool-1-worker-10" daemon [_thread_blocked, id=24444, stack(0x000000cb60800000,0x000000cb60900000)]
  0x000002bebf8740c0 JavaThread "ForkJoinPool-1-worker-11" daemon [_thread_blocked, id=8416, stack(0x000000cb60900000,0x000000cb60a00000)]
  0x000002bebf8745d0 JavaThread "ForkJoinPool-1-worker-12" daemon [_thread_in_Java, id=9712, stack(0x000000cb60a00000,0x000000cb60b00000)]
  0x000002beb6e74b10 JavaThread "C2 CompilerThread1" daemon [_thread_in_native, id=15464, stack(0x000000cb60b00000,0x000000cb60c00000)]
  0x000002bec180ded0 JavaThread "C2 CompilerThread2" daemon [_thread_in_native, id=23732, stack(0x000000cb60c00000,0x000000cb60d00000)]
  0x000002bebf871330 JavaThread "WorkerExecutor Queue Thread 4" [_thread_blocked, id=1152, stack(0x000000cb61000000,0x000000cb61100000)]
  0x000002bebf876430 JavaThread "WorkerExecutor Queue Thread 5" [_thread_blocked, id=12304, stack(0x000000cb61100000,0x000000cb61200000)]
  0x000002bebf876940 JavaThread "WorkerExecutor Queue Thread 6" [_thread_blocked, id=17744, stack(0x000000cb61200000,0x000000cb61300000)]
  0x000002bebf875500 JavaThread "WorkerExecutor Queue Thread 7" [_thread_blocked, id=14684, stack(0x000000cb61300000,0x000000cb61400000)]
  0x000002bebf876e50 JavaThread "WorkerExecutor Queue Thread 8" [_thread_blocked, id=12200, stack(0x000000cb61400000,0x000000cb61500000)]
  0x000002bebf878290 JavaThread "WorkerExecutor Queue Thread 10" [_thread_blocked, id=2600, stack(0x000000cb61600000,0x000000cb61700000)]
  0x000002bebf875a10 JavaThread "WorkerExecutor Queue Thread 11" [_thread_blocked, id=25432, stack(0x000000cb61700000,0x000000cb61800000)]
  0x000002bebf877870 JavaThread "WorkerExecutor Queue Thread 12" [_thread_blocked, id=25360, stack(0x000000cb61800000,0x000000cb61900000)]
  0x000002bebf877d80 JavaThread "WorkerExecutor Queue Thread 13" [_thread_blocked, id=24212, stack(0x000000cb61900000,0x000000cb61a00000)]

Other Threads:
  0x000002be91199420 VMThread "VM Thread" [stack: 0x000000cb52300000,0x000000cb52400000] [id=16536]
  0x000002bef2f8e0a0 WatcherThread [stack: 0x000000cb52f00000,0x000000cb53000000] [id=3460]
  0x000002bef2fee190 GCTaskThread "GC Thread#0" [stack: 0x000000cb51e00000,0x000000cb51f00000] [id=25156]
  0x000002be91c432d0 GCTaskThread "GC Thread#1" [stack: 0x000000cb53200000,0x000000cb53300000] [id=7892]
  0x000002be91d4c180 GCTaskThread "GC Thread#2" [stack: 0x000000cb53300000,0x000000cb53400000] [id=2140]
  0x000002beb1047830 GCTaskThread "GC Thread#3" [stack: 0x000000cb53400000,0x000000cb53500000] [id=10384]
  0x000002beb1047af0 GCTaskThread "GC Thread#4" [stack: 0x000000cb53500000,0x000000cb53600000] [id=10996]
  0x000002beb3582e80 GCTaskThread "GC Thread#5" [stack: 0x000000cb54200000,0x000000cb54300000] [id=25296]
  0x000002beb3582380 GCTaskThread "GC Thread#6" [stack: 0x000000cb54300000,0x000000cb54400000] [id=2132]
  0x000002beb3582bc0 GCTaskThread "GC Thread#7" [stack: 0x000000cb54400000,0x000000cb54500000] [id=10020]
  0x000002beb3583980 GCTaskThread "GC Thread#8" [stack: 0x000000cb54500000,0x000000cb54600000] [id=21840]
  0x000002beb3583400 GCTaskThread "GC Thread#9" [stack: 0x000000cb54600000,0x000000cb54700000] [id=14892]
  0x000002bef2fff150 ConcurrentGCThread "G1 Main Marker" [stack: 0x000000cb51f00000,0x000000cb52000000] [id=1376]
  0x000002bef30014a0 ConcurrentGCThread "G1 Conc#0" [stack: 0x000000cb52000000,0x000000cb52100000] [id=14364]
  0x000002beb3582900 ConcurrentGCThread "G1 Conc#1" [stack: 0x000000cb54700000,0x000000cb54800000] [id=1512]
  0x000002beb35836c0 ConcurrentGCThread "G1 Conc#2" [stack: 0x000000cb54800000,0x000000cb54900000] [id=12768]
  0x000002bef303ecb0 ConcurrentGCThread "G1 Refine#0" [stack: 0x000000cb52100000,0x000000cb52200000] [id=4076]
  0x000002beb33d5860 ConcurrentGCThread "G1 Refine#1" [stack: 0x000000cb5f000000,0x000000cb5f100000] [id=4020]
  0x000002beb33d6cf0 ConcurrentGCThread "G1 Refine#2" [stack: 0x000000cb5f100000,0x000000cb5f200000] [id=23264]
  0x000002bebff8f9f0 ConcurrentGCThread "G1 Refine#3" [stack: 0x000000cb5fe00000,0x000000cb5ff00000] [id=24040]
  0x000002bec389f640 ConcurrentGCThread "G1 Refine#4" [stack: 0x000000cb5ff00000,0x000000cb60000000] [id=9760]
  0x000002beb77a23e0 ConcurrentGCThread "G1 Refine#5" [stack: 0x000000cb60000000,0x000000cb60100000] [id=4180]
  0x000002beb60e0470 ConcurrentGCThread "G1 Refine#6" [stack: 0x000000cb60d00000,0x000000cb60e00000] [id=2036]
  0x000002beb3038d90 ConcurrentGCThread "G1 Refine#7" [stack: 0x000000cb60e00000,0x000000cb60f00000] [id=19328]
  0x000002beb77a1b10 ConcurrentGCThread "G1 Refine#8" [stack: 0x000000cb60f00000,0x000000cb61000000] [id=6328]
  0x000002be910be330 ConcurrentGCThread "G1 Service" [stack: 0x000000cb52200000,0x000000cb52300000] [id=24932]

Threads with active compile tasks:
C2 CompilerThread0    66057 28640 %     4       com.android.tools.r8.internal.iM::a @ 1691 (4032 bytes)
C1 CompilerThread0    66057 28794 %     3       com.android.tools.r8.dex.L::a @ 15 (4091 bytes)
C2 CompilerThread1    66057 28745       4       com.android.tools.r8.graph.D5::a (133 bytes)
C2 CompilerThread2    66057 28701       4       com.android.tools.r8.graph.F2$$Lambda$3391/0x000002be944aa4a8::accept (12 bytes)

VM state: not at safepoint (normal execution)

VM Mutex/Monitor currently owned by a thread:  ([mutex/lock_event])
[0x000002bef0bb1990] CodeCache_lock - owner thread: 0x000002be911c1150
[0x000002bef2f8abc0] Compile_lock - owner thread: 0x000002be911c1150
[0x000002bef2f8ac50] MethodCompileQueue_lock - owner thread: 0x000002be911c1150

Heap address: 0x0000000080000000, size: 2048 MB, Compressed Oops mode: 32-bit

CDS archive(s) mapped at: [0x000002be92000000-0x000002be92bb0000-0x000002be92bb0000), size 12255232, SharedBaseAddress: 0x000002be92000000, ArchiveRelocationMode: 1.
Compressed class space mapped at: 0x000002be93000000-0x000002bead000000, reserved size: 436207616
Narrow klass base: 0x000002be92000000, Narrow klass shift: 0, Narrow klass range: 0x100000000

GC Precious Log:
 CPUs: 12 total, 12 available
 Memory: 15720M
 Large Page Support: Disabled
 NUMA Support: Disabled
 Compressed Oops: Enabled (32-bit)
 Heap Region Size: 1M
 Heap Min Capacity: 8M
 Heap Initial Capacity: 246M
 Heap Max Capacity: 2G
 Pre-touch: Disabled
 Parallel Workers: 10
 Concurrent Workers: 3
 Concurrent Refinement Workers: 10
 Periodic GC: Disabled

Heap:
 garbage-first heap   total 1361920K, used 1012552K [0x0000000080000000, 0x0000000100000000)
  region size 1024K, 23 young (23552K), 9 survivors (9216K)
 Metaspace       used 141569K, committed 144512K, reserved 557056K
  class space    used 19819K, committed 21120K, reserved 425984K

Heap Regions: E=young(eden), S=young(survivor), O=old, HS=humongous(starts), HC=humongous(continues), CS=collection set, F=free, OA=open archive, CA=closed archive, TAMS=top-at-mark-start (previous, next)
|   0|0x0000000080000000, 0x0000000080100000, 0x0000000080100000|100%|HS|  |TAMS 0x0000000080100000, 0x0000000080100000| Complete 
|   1|0x0000000080100000, 0x0000000080200000, 0x0000000080200000|100%|HC|  |TAMS 0x0000000080200000, 0x0000000080200000| Complete 
|   2|0x0000000080200000, 0x0000000080300000, 0x0000000080300000|100%|HC|  |TAMS 0x0000000080300000, 0x0000000080300000| Complete 
|   3|0x0000000080300000, 0x0000000080400000, 0x0000000080400000|100%| O|  |TAMS 0x0000000080400000, 0x0000000080400000| Untracked 
|   4|0x0000000080400000, 0x0000000080500000, 0x0000000080500000|100%| O|  |TAMS 0x0000000080500000, 0x0000000080500000| Untracked 
|   5|0x0000000080500000, 0x0000000080600000, 0x0000000080600000|100%| O|  |TAMS 0x0000000080600000, 0x0000000080600000| Untracked 
|   6|0x0000000080600000, 0x0000000080700000, 0x0000000080700000|100%|HS|  |TAMS 0x0000000080700000, 0x0000000080700000| Complete 
|   7|0x0000000080700000, 0x0000000080800000, 0x0000000080800000|100%| O|  |TAMS 0x0000000080800000, 0x0000000080800000| Untracked 
|   8|0x0000000080800000, 0x0000000080900000, 0x0000000080900000|100%| O|  |TAMS 0x0000000080900000, 0x0000000080900000| Untracked 
|   9|0x0000000080900000, 0x0000000080a00000, 0x0000000080a00000|100%| O|  |TAMS 0x0000000080a00000, 0x0000000080a00000| Untracked 
|  10|0x0000000080a00000, 0x0000000080b00000, 0x0000000080b00000|100%| O|  |TAMS 0x0000000080b00000, 0x0000000080b00000| Untracked 
|  11|0x0000000080b00000, 0x0000000080c00000, 0x0000000080c00000|100%| O|  |TAMS 0x0000000080c00000, 0x0000000080c00000| Untracked 
|  12|0x0000000080c00000, 0x0000000080d00000, 0x0000000080d00000|100%| O|  |TAMS 0x0000000080d00000, 0x0000000080d00000| Untracked 
|  13|0x0000000080d00000, 0x0000000080e00000, 0x0000000080e00000|100%| O|  |TAMS 0x0000000080e00000, 0x0000000080e00000| Untracked 
|  14|0x0000000080e00000, 0x0000000080f00000, 0x0000000080f00000|100%| O|  |TAMS 0x0000000080f00000, 0x0000000080f00000| Untracked 
|  15|0x0000000080f00000, 0x0000000081000000, 0x0000000081000000|100%| O|  |TAMS 0x0000000081000000, 0x0000000081000000| Untracked 
|  16|0x0000000081000000, 0x0000000081100000, 0x0000000081100000|100%| O|  |TAMS 0x0000000081100000, 0x0000000081100000| Untracked 
|  17|0x0000000081100000, 0x0000000081200000, 0x0000000081200000|100%| O|  |TAMS 0x0000000081200000, 0x0000000081200000| Untracked 
|  18|0x0000000081200000, 0x0000000081300000, 0x0000000081300000|100%| O|  |TAMS 0x0000000081300000, 0x0000000081300000| Untracked 
|  19|0x0000000081300000, 0x0000000081400000, 0x0000000081400000|100%| O|  |TAMS 0x0000000081400000, 0x0000000081400000| Untracked 
|  20|0x0000000081400000, 0x0000000081500000, 0x0000000081500000|100%| O|  |TAMS 0x0000000081500000, 0x0000000081500000| Untracked 
|  21|0x0000000081500000, 0x0000000081600000, 0x0000000081600000|100%| O|  |TAMS 0x0000000081600000, 0x0000000081600000| Untracked 
|  22|0x0000000081600000, 0x0000000081700000, 0x0000000081700000|100%| O|  |TAMS 0x0000000081700000, 0x0000000081700000| Untracked 
|  23|0x0000000081700000, 0x0000000081800000, 0x0000000081800000|100%| O|  |TAMS 0x0000000081800000, 0x0000000081800000| Untracked 
|  24|0x0000000081800000, 0x0000000081900000, 0x0000000081900000|100%| O|  |TAMS 0x0000000081900000, 0x0000000081900000| Untracked 
|  25|0x0000000081900000, 0x0000000081a00000, 0x0000000081a00000|100%| O|  |TAMS 0x0000000081a00000, 0x0000000081a00000| Untracked 
|  26|0x0000000081a00000, 0x0000000081b00000, 0x0000000081b00000|100%| O|  |TAMS 0x0000000081b00000, 0x0000000081b00000| Untracked 
|  27|0x0000000081b00000, 0x0000000081c00000, 0x0000000081c00000|100%| O|  |TAMS 0x0000000081c00000, 0x0000000081c00000| Untracked 
|  28|0x0000000081c00000, 0x0000000081d00000, 0x0000000081d00000|100%| O|  |TAMS 0x0000000081d00000, 0x0000000081d00000| Untracked 
|  29|0x0000000081d00000, 0x0000000081e00000, 0x0000000081e00000|100%| O|  |TAMS 0x0000000081e00000, 0x0000000081e00000| Untracked 
|  30|0x0000000081e00000, 0x0000000081f00000, 0x0000000081f00000|100%| O|  |TAMS 0x0000000081f00000, 0x0000000081f00000| Untracked 
|  31|0x0000000081f00000, 0x0000000082000000, 0x0000000082000000|100%| O|  |TAMS 0x0000000082000000, 0x0000000082000000| Untracked 
|  32|0x0000000082000000, 0x0000000082100000, 0x0000000082100000|100%| O|  |TAMS 0x0000000082100000, 0x0000000082100000| Untracked 
|  33|0x0000000082100000, 0x0000000082200000, 0x0000000082200000|100%|HS|  |TAMS 0x0000000082200000, 0x0000000082200000| Complete 
|  34|0x0000000082200000, 0x0000000082300000, 0x0000000082300000|100%|HC|  |TAMS 0x0000000082300000, 0x0000000082300000| Complete 
|  35|0x0000000082300000, 0x0000000082400000, 0x0000000082400000|100%|HC|  |TAMS 0x0000000082400000, 0x0000000082400000| Complete 
|  36|0x0000000082400000, 0x0000000082500000, 0x0000000082500000|100%|HS|  |TAMS 0x0000000082500000, 0x0000000082500000| Complete 
|  37|0x0000000082500000, 0x0000000082600000, 0x0000000082600000|100%|HC|  |TAMS 0x0000000082600000, 0x0000000082600000| Complete 
|  38|0x0000000082600000, 0x0000000082700000, 0x0000000082700000|100%|HC|  |TAMS 0x0000000082700000, 0x0000000082700000| Complete 
|  39|0x0000000082700000, 0x0000000082800000, 0x0000000082800000|100%| O|  |TAMS 0x0000000082800000, 0x0000000082800000| Untracked 
|  40|0x0000000082800000, 0x0000000082900000, 0x0000000082900000|100%| O|  |TAMS 0x0000000082900000, 0x0000000082900000| Untracked 
|  41|0x0000000082900000, 0x0000000082a00000, 0x0000000082a00000|100%| O|  |TAMS 0x0000000082a00000, 0x0000000082a00000| Untracked 
|  42|0x0000000082a00000, 0x0000000082b00000, 0x0000000082b00000|100%| O|  |TAMS 0x0000000082b00000, 0x0000000082b00000| Untracked 
|  43|0x0000000082b00000, 0x0000000082c00000, 0x0000000082c00000|100%| O|  |TAMS 0x0000000082c00000, 0x0000000082c00000| Untracked 
|  44|0x0000000082c00000, 0x0000000082d00000, 0x0000000082d00000|100%| O|  |TAMS 0x0000000082d00000, 0x0000000082d00000| Untracked 
|  45|0x0000000082d00000, 0x0000000082e00000, 0x0000000082e00000|100%| O|  |TAMS 0x0000000082e00000, 0x0000000082e00000| Untracked 
|  46|0x0000000082e00000, 0x0000000082f00000, 0x0000000082f00000|100%| O|  |TAMS 0x0000000082f00000, 0x0000000082f00000| Untracked 
|  47|0x0000000082f00000, 0x0000000083000000, 0x0000000083000000|100%| O|  |TAMS 0x0000000083000000, 0x0000000083000000| Untracked 
|  48|0x0000000083000000, 0x0000000083100000, 0x0000000083100000|100%| O|  |TAMS 0x0000000083100000, 0x0000000083100000| Untracked 
|  49|0x0000000083100000, 0x0000000083200000, 0x0000000083200000|100%| O|  |TAMS 0x0000000083200000, 0x0000000083200000| Untracked 
|  50|0x0000000083200000, 0x0000000083300000, 0x0000000083300000|100%|HS|  |TAMS 0x0000000083300000, 0x0000000083300000| Complete 
|  51|0x0000000083300000, 0x0000000083400000, 0x0000000083400000|100%| O|  |TAMS 0x0000000083400000, 0x0000000083400000| Untracked 
|  52|0x0000000083400000, 0x0000000083500000, 0x0000000083500000|100%| O|  |TAMS 0x0000000083500000, 0x0000000083500000| Untracked 
|  53|0x0000000083500000, 0x0000000083600000, 0x0000000083600000|100%| O|  |TAMS 0x0000000083600000, 0x0000000083600000| Untracked 
|  54|0x0000000083600000, 0x0000000083700000, 0x0000000083700000|100%| O|  |TAMS 0x0000000083700000, 0x0000000083700000| Untracked 
|  55|0x0000000083700000, 0x0000000083800000, 0x0000000083800000|100%| O|  |TAMS 0x0000000083800000, 0x0000000083800000| Untracked 
|  56|0x0000000083800000, 0x0000000083900000, 0x0000000083900000|100%| O|  |TAMS 0x0000000083900000, 0x0000000083900000| Untracked 
|  57|0x0000000083900000, 0x0000000083a00000, 0x0000000083a00000|100%| O|  |TAMS 0x0000000083a00000, 0x0000000083a00000| Untracked 
|  58|0x0000000083a00000, 0x0000000083b00000, 0x0000000083b00000|100%| O|  |TAMS 0x0000000083b00000, 0x0000000083b00000| Untracked 
|  59|0x0000000083b00000, 0x0000000083c00000, 0x0000000083c00000|100%| O|  |TAMS 0x0000000083c00000, 0x0000000083c00000| Untracked 
|  60|0x0000000083c00000, 0x0000000083d00000, 0x0000000083d00000|100%| O|  |TAMS 0x0000000083d00000, 0x0000000083d00000| Untracked 
|  61|0x0000000083d00000, 0x0000000083e00000, 0x0000000083e00000|100%|HS|  |TAMS 0x0000000083e00000, 0x0000000083e00000| Complete 
|  62|0x0000000083e00000, 0x0000000083f00000, 0x0000000083f00000|100%|HS|  |TAMS 0x0000000083f00000, 0x0000000083f00000| Complete 
|  63|0x0000000083f00000, 0x0000000084000000, 0x0000000084000000|100%| O|  |TAMS 0x0000000084000000, 0x0000000084000000| Untracked 
|  64|0x0000000084000000, 0x0000000084100000, 0x0000000084100000|100%| O|  |TAMS 0x0000000084100000, 0x0000000084100000| Untracked 
|  65|0x0000000084100000, 0x0000000084200000, 0x0000000084200000|100%| O|  |TAMS 0x0000000084200000, 0x0000000084200000| Untracked 
|  66|0x0000000084200000, 0x0000000084300000, 0x0000000084300000|100%| O|  |TAMS 0x0000000084300000, 0x0000000084300000| Untracked 
|  67|0x0000000084300000, 0x0000000084400000, 0x0000000084400000|100%| O|  |TAMS 0x0000000084400000, 0x0000000084400000| Untracked 
|  68|0x0000000084400000, 0x0000000084500000, 0x0000000084500000|100%| O|  |TAMS 0x0000000084500000, 0x0000000084500000| Untracked 
|  69|0x0000000084500000, 0x0000000084600000, 0x0000000084600000|100%| O|  |TAMS 0x0000000084600000, 0x0000000084600000| Untracked 
|  70|0x0000000084600000, 0x0000000084700000, 0x0000000084700000|100%| O|  |TAMS 0x0000000084700000, 0x0000000084700000| Untracked 
|  71|0x0000000084700000, 0x0000000084800000, 0x0000000084800000|100%| O|  |TAMS 0x0000000084800000, 0x0000000084800000| Untracked 
|  72|0x0000000084800000, 0x0000000084900000, 0x0000000084900000|100%| O|  |TAMS 0x0000000084900000, 0x0000000084900000| Untracked 
|  73|0x0000000084900000, 0x0000000084a00000, 0x0000000084a00000|100%| O|  |TAMS 0x0000000084a00000, 0x0000000084a00000| Untracked 
|  74|0x0000000084a00000, 0x0000000084b00000, 0x0000000084b00000|100%| O|  |TAMS 0x0000000084b00000, 0x0000000084b00000| Untracked 
|  75|0x0000000084b00000, 0x0000000084c00000, 0x0000000084c00000|100%| O|  |TAMS 0x0000000084c00000, 0x0000000084c00000| Untracked 
|  76|0x0000000084c00000, 0x0000000084d00000, 0x0000000084d00000|100%| O|  |TAMS 0x0000000084d00000, 0x0000000084d00000| Untracked 
|  77|0x0000000084d00000, 0x0000000084e00000, 0x0000000084e00000|100%| O|  |TAMS 0x0000000084e00000, 0x0000000084e00000| Untracked 
|  78|0x0000000084e00000, 0x0000000084f00000, 0x0000000084f00000|100%|HS|  |TAMS 0x0000000084f00000, 0x0000000084f00000| Complete 
|  79|0x0000000084f00000, 0x0000000085000000, 0x0000000085000000|100%|HS|  |TAMS 0x0000000085000000, 0x0000000085000000| Complete 
|  80|0x0000000085000000, 0x0000000085100000, 0x0000000085100000|100%|HS|  |TAMS 0x0000000085100000, 0x0000000085100000| Complete 
|  81|0x0000000085100000, 0x0000000085200000, 0x0000000085200000|100%|HS|  |TAMS 0x0000000085200000, 0x0000000085200000| Complete 
|  82|0x0000000085200000, 0x0000000085300000, 0x0000000085300000|100%|HS|  |TAMS 0x0000000085300000, 0x0000000085300000| Complete 
|  83|0x0000000085300000, 0x0000000085400000, 0x0000000085400000|100%|HS|  |TAMS 0x0000000085400000, 0x0000000085400000| Complete 
|  84|0x0000000085400000, 0x0000000085500000, 0x0000000085500000|100%|HS|  |TAMS 0x0000000085500000, 0x0000000085500000| Complete 
|  85|0x0000000085500000, 0x0000000085600000, 0x0000000085600000|100%|HC|  |TAMS 0x0000000085600000, 0x0000000085600000| Complete 
|  86|0x0000000085600000, 0x0000000085700000, 0x0000000085700000|100%|HC|  |TAMS 0x0000000085700000, 0x0000000085700000| Complete 
|  87|0x0000000085700000, 0x0000000085800000, 0x0000000085800000|100%| O|  |TAMS 0x0000000085800000, 0x0000000085800000| Untracked 
|  88|0x0000000085800000, 0x0000000085900000, 0x0000000085900000|100%|HS|  |TAMS 0x0000000085900000, 0x0000000085900000| Complete 
|  89|0x0000000085900000, 0x0000000085a00000, 0x0000000085a00000|100%|HS|  |TAMS 0x0000000085900000, 0x0000000085a00000| Complete 
|  90|0x0000000085a00000, 0x0000000085b00000, 0x0000000085b00000|100%| O|  |TAMS 0x0000000085b00000, 0x0000000085b00000| Untracked 
|  91|0x0000000085b00000, 0x0000000085c00000, 0x0000000085c00000|100%| O|  |TAMS 0x0000000085c00000, 0x0000000085c00000| Untracked 
|  92|0x0000000085c00000, 0x0000000085d00000, 0x0000000085d00000|100%| O|  |TAMS 0x0000000085d00000, 0x0000000085d00000| Untracked 
|  93|0x0000000085d00000, 0x0000000085e00000, 0x0000000085e00000|100%| O|  |TAMS 0x0000000085e00000, 0x0000000085e00000| Untracked 
|  94|0x0000000085e00000, 0x0000000085f00000, 0x0000000085f00000|100%| O|  |TAMS 0x0000000085f00000, 0x0000000085f00000| Untracked 
|  95|0x0000000085f00000, 0x0000000086000000, 0x0000000086000000|100%|HS|  |TAMS 0x0000000085f00000, 0x0000000086000000| Complete 
|  96|0x0000000086000000, 0x0000000086100000, 0x0000000086100000|100%| O|  |TAMS 0x0000000086100000, 0x0000000086100000| Untracked 
|  97|0x0000000086100000, 0x0000000086200000, 0x0000000086200000|100%| O|  |TAMS 0x0000000086200000, 0x0000000086200000| Untracked 
|  98|0x0000000086200000, 0x0000000086300000, 0x0000000086300000|100%| O|  |TAMS 0x0000000086300000, 0x0000000086300000| Untracked 
|  99|0x0000000086300000, 0x0000000086400000, 0x0000000086400000|100%| O|  |TAMS 0x0000000086400000, 0x0000000086400000| Untracked 
| 100|0x0000000086400000, 0x0000000086500000, 0x0000000086500000|100%| O|  |TAMS 0x0000000086500000, 0x0000000086500000| Untracked 
| 101|0x0000000086500000, 0x0000000086600000, 0x0000000086600000|100%| O|  |TAMS 0x0000000086600000, 0x0000000086600000| Untracked 
| 102|0x0000000086600000, 0x0000000086700000, 0x0000000086700000|100%| O|  |TAMS 0x0000000086700000, 0x0000000086700000| Untracked 
| 103|0x0000000086700000, 0x0000000086800000, 0x0000000086800000|100%| O|  |TAMS 0x0000000086800000, 0x0000000086800000| Untracked 
| 104|0x0000000086800000, 0x0000000086900000, 0x0000000086900000|100%| O|  |TAMS 0x0000000086900000, 0x0000000086900000| Untracked 
| 105|0x0000000086900000, 0x0000000086a00000, 0x0000000086a00000|100%| O|  |TAMS 0x0000000086a00000, 0x0000000086a00000| Untracked 
| 106|0x0000000086a00000, 0x0000000086b00000, 0x0000000086b00000|100%| O|  |TAMS 0x0000000086b00000, 0x0000000086b00000| Untracked 
| 107|0x0000000086b00000, 0x0000000086c00000, 0x0000000086c00000|100%| O|  |TAMS 0x0000000086c00000, 0x0000000086c00000| Untracked 
| 108|0x0000000086c00000, 0x0000000086d00000, 0x0000000086d00000|100%| O|  |TAMS 0x0000000086d00000, 0x0000000086d00000| Untracked 
| 109|0x0000000086d00000, 0x0000000086e00000, 0x0000000086e00000|100%| O|  |TAMS 0x0000000086e00000, 0x0000000086e00000| Untracked 
| 110|0x0000000086e00000, 0x0000000086f00000, 0x0000000086f00000|100%| O|  |TAMS 0x0000000086f00000, 0x0000000086f00000| Untracked 
| 111|0x0000000086f00000, 0x0000000087000000, 0x0000000087000000|100%| O|  |TAMS 0x0000000087000000, 0x0000000087000000| Untracked 
| 112|0x0000000087000000, 0x0000000087100000, 0x0000000087100000|100%| O|  |TAMS 0x0000000087100000, 0x0000000087100000| Untracked 
| 113|0x0000000087100000, 0x0000000087200000, 0x0000000087200000|100%| O|  |TAMS 0x0000000087200000, 0x0000000087200000| Untracked 
| 114|0x0000000087200000, 0x0000000087300000, 0x0000000087300000|100%| O|  |TAMS 0x0000000087300000, 0x0000000087300000| Untracked 
| 115|0x0000000087300000, 0x0000000087400000, 0x0000000087400000|100%| O|  |TAMS 0x0000000087400000, 0x0000000087400000| Untracked 
| 116|0x0000000087400000, 0x0000000087500000, 0x0000000087500000|100%| O|  |TAMS 0x0000000087500000, 0x0000000087500000| Untracked 
| 117|0x0000000087500000, 0x0000000087600000, 0x0000000087600000|100%| O|  |TAMS 0x0000000087600000, 0x0000000087600000| Untracked 
| 118|0x0000000087600000, 0x0000000087700000, 0x0000000087700000|100%| O|  |TAMS 0x0000000087700000, 0x0000000087700000| Untracked 
| 119|0x0000000087700000, 0x0000000087800000, 0x0000000087800000|100%| O|  |TAMS 0x0000000087800000, 0x0000000087800000| Untracked 
| 120|0x0000000087800000, 0x0000000087900000, 0x0000000087900000|100%| O|  |TAMS 0x0000000087900000, 0x0000000087900000| Untracked 
| 121|0x0000000087900000, 0x0000000087a00000, 0x0000000087a00000|100%| O|  |TAMS 0x0000000087a00000, 0x0000000087a00000| Untracked 
| 122|0x0000000087a00000, 0x0000000087b00000, 0x0000000087b00000|100%| O|  |TAMS 0x0000000087b00000, 0x0000000087b00000| Untracked 
| 123|0x0000000087b00000, 0x0000000087c00000, 0x0000000087c00000|100%| O|  |TAMS 0x0000000087c00000, 0x0000000087c00000| Untracked 
| 124|0x0000000087c00000, 0x0000000087d00000, 0x0000000087d00000|100%| O|  |TAMS 0x0000000087d00000, 0x0000000087d00000| Untracked 
| 125|0x0000000087d00000, 0x0000000087e00000, 0x0000000087e00000|100%| O|  |TAMS 0x0000000087e00000, 0x0000000087e00000| Untracked 
| 126|0x0000000087e00000, 0x0000000087f00000, 0x0000000087f00000|100%| O|  |TAMS 0x0000000087f00000, 0x0000000087f00000| Untracked 
| 127|0x0000000087f00000, 0x0000000088000000, 0x0000000088000000|100%| O|  |TAMS 0x0000000088000000, 0x0000000088000000| Untracked 
| 128|0x0000000088000000, 0x0000000088100000, 0x0000000088100000|100%| O|  |TAMS 0x0000000088100000, 0x0000000088100000| Untracked 
| 129|0x0000000088100000, 0x0000000088200000, 0x0000000088200000|100%|HS|  |TAMS 0x0000000088200000, 0x0000000088200000| Complete 
| 130|0x0000000088200000, 0x0000000088300000, 0x0000000088300000|100%|HS|  |TAMS 0x0000000088300000, 0x0000000088300000| Complete 
| 131|0x0000000088300000, 0x0000000088400000, 0x0000000088400000|100%|HS|  |TAMS 0x0000000088400000, 0x0000000088400000| Complete 
| 132|0x0000000088400000, 0x0000000088500000, 0x0000000088500000|100%|HS|  |TAMS 0x0000000088500000, 0x0000000088500000| Complete 
| 133|0x0000000088500000, 0x0000000088600000, 0x0000000088600000|100%| O|  |TAMS 0x0000000088600000, 0x0000000088600000| Untracked 
| 134|0x0000000088600000, 0x0000000088700000, 0x0000000088700000|100%| O|  |TAMS 0x0000000088700000, 0x0000000088700000| Untracked 
| 135|0x0000000088700000, 0x0000000088800000, 0x0000000088800000|100%| O|  |TAMS 0x0000000088800000, 0x0000000088800000| Untracked 
| 136|0x0000000088800000, 0x0000000088900000, 0x0000000088900000|100%| O|  |TAMS 0x0000000088900000, 0x0000000088900000| Untracked 
| 137|0x0000000088900000, 0x0000000088a00000, 0x0000000088a00000|100%| O|  |TAMS 0x0000000088a00000, 0x0000000088a00000| Untracked 
| 138|0x0000000088a00000, 0x0000000088b00000, 0x0000000088b00000|100%| O|  |TAMS 0x0000000088b00000, 0x0000000088b00000| Untracked 
| 139|0x0000000088b00000, 0x0000000088c00000, 0x0000000088c00000|100%| O|  |TAMS 0x0000000088c00000, 0x0000000088c00000| Untracked 
| 140|0x0000000088c00000, 0x0000000088d00000, 0x0000000088d00000|100%| O|  |TAMS 0x0000000088d00000, 0x0000000088d00000| Untracked 
| 141|0x0000000088d00000, 0x0000000088e00000, 0x0000000088e00000|100%| O|  |TAMS 0x0000000088e00000, 0x0000000088e00000| Untracked 
| 142|0x0000000088e00000, 0x0000000088f00000, 0x0000000088f00000|100%|HS|  |TAMS 0x0000000088e00000, 0x0000000088f00000| Complete 
| 143|0x0000000088f00000, 0x0000000089000000, 0x0000000089000000|100%| O|  |TAMS 0x0000000089000000, 0x0000000089000000| Untracked 
| 144|0x0000000089000000, 0x0000000089100000, 0x0000000089100000|100%| O|  |TAMS 0x0000000089100000, 0x0000000089100000| Untracked 
| 145|0x0000000089100000, 0x0000000089200000, 0x0000000089200000|100%| O|  |TAMS 0x0000000089200000, 0x0000000089200000| Untracked 
| 146|0x0000000089200000, 0x0000000089300000, 0x0000000089300000|100%| O|  |TAMS 0x0000000089300000, 0x0000000089300000| Untracked 
| 147|0x0000000089300000, 0x0000000089400000, 0x0000000089400000|100%| O|  |TAMS 0x0000000089400000, 0x0000000089400000| Untracked 
| 148|0x0000000089400000, 0x0000000089500000, 0x0000000089500000|100%| O|  |TAMS 0x0000000089500000, 0x0000000089500000| Untracked 
| 149|0x0000000089500000, 0x0000000089600000, 0x0000000089600000|100%|HS|  |TAMS 0x0000000089600000, 0x0000000089600000| Complete 
| 150|0x0000000089600000, 0x0000000089700000, 0x0000000089700000|100%|HS|  |TAMS 0x0000000089700000, 0x0000000089700000| Complete 
| 151|0x0000000089700000, 0x0000000089800000, 0x0000000089800000|100%|HS|  |TAMS 0x0000000089800000, 0x0000000089800000| Complete 
| 152|0x0000000089800000, 0x0000000089900000, 0x0000000089900000|100%|HC|  |TAMS 0x0000000089900000, 0x0000000089900000| Complete 
| 153|0x0000000089900000, 0x0000000089a00000, 0x0000000089a00000|100%| O|  |TAMS 0x0000000089a00000, 0x0000000089a00000| Untracked 
| 154|0x0000000089a00000, 0x0000000089b00000, 0x0000000089b00000|100%| O|  |TAMS 0x0000000089b00000, 0x0000000089b00000| Untracked 
| 155|0x0000000089b00000, 0x0000000089c00000, 0x0000000089c00000|100%|HS|  |TAMS 0x0000000089b00000, 0x0000000089c00000| Complete 
| 156|0x0000000089c00000, 0x0000000089d00000, 0x0000000089d00000|100%| O|  |TAMS 0x0000000089d00000, 0x0000000089d00000| Untracked 
| 157|0x0000000089d00000, 0x0000000089e00000, 0x0000000089e00000|100%| O|  |TAMS 0x0000000089e00000, 0x0000000089e00000| Untracked 
| 158|0x0000000089e00000, 0x0000000089f00000, 0x0000000089f00000|100%| O|  |TAMS 0x0000000089f00000, 0x0000000089f00000| Untracked 
| 159|0x0000000089f00000, 0x000000008a000000, 0x000000008a000000|100%| O|  |TAMS 0x000000008a000000, 0x000000008a000000| Untracked 
| 160|0x000000008a000000, 0x000000008a100000, 0x000000008a100000|100%| O|  |TAMS 0x000000008a100000, 0x000000008a100000| Untracked 
| 161|0x000000008a100000, 0x000000008a200000, 0x000000008a200000|100%| O|  |TAMS 0x000000008a200000, 0x000000008a200000| Untracked 
| 162|0x000000008a200000, 0x000000008a300000, 0x000000008a300000|100%| O|  |TAMS 0x000000008a300000, 0x000000008a300000| Untracked 
| 163|0x000000008a300000, 0x000000008a400000, 0x000000008a400000|100%| O|  |TAMS 0x000000008a400000, 0x000000008a400000| Untracked 
| 164|0x000000008a400000, 0x000000008a500000, 0x000000008a500000|100%| O|  |TAMS 0x000000008a500000, 0x000000008a500000| Untracked 
| 165|0x000000008a500000, 0x000000008a600000, 0x000000008a600000|100%| O|  |TAMS 0x000000008a600000, 0x000000008a600000| Untracked 
| 166|0x000000008a600000, 0x000000008a700000, 0x000000008a700000|100%| O|  |TAMS 0x000000008a700000, 0x000000008a700000| Untracked 
| 167|0x000000008a700000, 0x000000008a800000, 0x000000008a800000|100%| O|  |TAMS 0x000000008a800000, 0x000000008a800000| Untracked 
| 168|0x000000008a800000, 0x000000008a900000, 0x000000008a900000|100%| O|  |TAMS 0x000000008a900000, 0x000000008a900000| Untracked 
| 169|0x000000008a900000, 0x000000008aa00000, 0x000000008aa00000|100%| O|  |TAMS 0x000000008aa00000, 0x000000008aa00000| Untracked 
| 170|0x000000008aa00000, 0x000000008ab00000, 0x000000008ab00000|100%| O|  |TAMS 0x000000008ab00000, 0x000000008ab00000| Untracked 
| 171|0x000000008ab00000, 0x000000008ac00000, 0x000000008ac00000|100%| O|  |TAMS 0x000000008ac00000, 0x000000008ac00000| Untracked 
| 172|0x000000008ac00000, 0x000000008ad00000, 0x000000008ad00000|100%| O|  |TAMS 0x000000008ad00000, 0x000000008ad00000| Untracked 
| 173|0x000000008ad00000, 0x000000008ae00000, 0x000000008ae00000|100%| O|  |TAMS 0x000000008ae00000, 0x000000008ae00000| Untracked 
| 174|0x000000008ae00000, 0x000000008af00000, 0x000000008af00000|100%| O|  |TAMS 0x000000008af00000, 0x000000008af00000| Untracked 
| 175|0x000000008af00000, 0x000000008b000000, 0x000000008b000000|100%| O|  |TAMS 0x000000008b000000, 0x000000008b000000| Untracked 
| 176|0x000000008b000000, 0x000000008b100000, 0x000000008b100000|100%| O|  |TAMS 0x000000008b100000, 0x000000008b100000| Untracked 
| 177|0x000000008b100000, 0x000000008b200000, 0x000000008b200000|100%| O|  |TAMS 0x000000008b200000, 0x000000008b200000| Untracked 
| 178|0x000000008b200000, 0x000000008b300000, 0x000000008b300000|100%| O|  |TAMS 0x000000008b300000, 0x000000008b300000| Untracked 
| 179|0x000000008b300000, 0x000000008b400000, 0x000000008b400000|100%|HS|  |TAMS 0x000000008b400000, 0x000000008b400000| Complete 
| 180|0x000000008b400000, 0x000000008b500000, 0x000000008b500000|100%|HS|  |TAMS 0x000000008b500000, 0x000000008b500000| Complete 
| 181|0x000000008b500000, 0x000000008b600000, 0x000000008b600000|100%| O|  |TAMS 0x000000008b600000, 0x000000008b600000| Untracked 
| 182|0x000000008b600000, 0x000000008b700000, 0x000000008b700000|100%| O|  |TAMS 0x000000008b700000, 0x000000008b700000| Untracked 
| 183|0x000000008b700000, 0x000000008b800000, 0x000000008b800000|100%| O|  |TAMS 0x000000008b800000, 0x000000008b800000| Untracked 
| 184|0x000000008b800000, 0x000000008b900000, 0x000000008b900000|100%| O|  |TAMS 0x000000008b900000, 0x000000008b900000| Untracked 
| 185|0x000000008b900000, 0x000000008ba00000, 0x000000008ba00000|100%| O|  |TAMS 0x000000008ba00000, 0x000000008ba00000| Untracked 
| 186|0x000000008ba00000, 0x000000008bb00000, 0x000000008bb00000|100%| O|  |TAMS 0x000000008bb00000, 0x000000008bb00000| Untracked 
| 187|0x000000008bb00000, 0x000000008bc00000, 0x000000008bc00000|100%| O|  |TAMS 0x000000008bc00000, 0x000000008bc00000| Untracked 
| 188|0x000000008bc00000, 0x000000008bd00000, 0x000000008bd00000|100%| O|  |TAMS 0x000000008bd00000, 0x000000008bd00000| Untracked 
| 189|0x000000008bd00000, 0x000000008be00000, 0x000000008be00000|100%|HS|  |TAMS 0x000000008be00000, 0x000000008be00000| Complete 
| 190|0x000000008be00000, 0x000000008bf00000, 0x000000008bf00000|100%|HC|  |TAMS 0x000000008bf00000, 0x000000008bf00000| Complete 
| 191|0x000000008bf00000, 0x000000008c000000, 0x000000008c000000|100%| O|  |TAMS 0x000000008c000000, 0x000000008c000000| Untracked 
| 192|0x000000008c000000, 0x000000008c100000, 0x000000008c100000|100%| O|  |TAMS 0x000000008c100000, 0x000000008c100000| Untracked 
| 193|0x000000008c100000, 0x000000008c200000, 0x000000008c200000|100%| O|  |TAMS 0x000000008c200000, 0x000000008c200000| Untracked 
| 194|0x000000008c200000, 0x000000008c300000, 0x000000008c300000|100%| O|  |TAMS 0x000000008c300000, 0x000000008c300000| Untracked 
| 195|0x000000008c300000, 0x000000008c400000, 0x000000008c400000|100%| O|  |TAMS 0x000000008c400000, 0x000000008c400000| Untracked 
| 196|0x000000008c400000, 0x000000008c500000, 0x000000008c500000|100%| O|  |TAMS 0x000000008c500000, 0x000000008c500000| Untracked 
| 197|0x000000008c500000, 0x000000008c600000, 0x000000008c600000|100%|HS|  |TAMS 0x000000008c500000, 0x000000008c600000| Complete 
| 198|0x000000008c600000, 0x000000008c700000, 0x000000008c700000|100%| O|  |TAMS 0x000000008c700000, 0x000000008c700000| Untracked 
| 199|0x000000008c700000, 0x000000008c800000, 0x000000008c800000|100%| O|  |TAMS 0x000000008c800000, 0x000000008c800000| Untracked 
| 200|0x000000008c800000, 0x000000008c900000, 0x000000008c900000|100%| O|  |TAMS 0x000000008c900000, 0x000000008c900000| Untracked 
| 201|0x000000008c900000, 0x000000008ca00000, 0x000000008ca00000|100%| O|  |TAMS 0x000000008ca00000, 0x000000008ca00000| Untracked 
| 202|0x000000008ca00000, 0x000000008cb00000, 0x000000008cb00000|100%| O|  |TAMS 0x000000008cb00000, 0x000000008cb00000| Untracked 
| 203|0x000000008cb00000, 0x000000008cc00000, 0x000000008cc00000|100%| O|  |TAMS 0x000000008cc00000, 0x000000008cc00000| Untracked 
| 204|0x000000008cc00000, 0x000000008cd00000, 0x000000008cd00000|100%| O|  |TAMS 0x000000008cd00000, 0x000000008cd00000| Untracked 
| 205|0x000000008cd00000, 0x000000008ce00000, 0x000000008ce00000|100%| O|  |TAMS 0x000000008ce00000, 0x000000008ce00000| Untracked 
| 206|0x000000008ce00000, 0x000000008cf00000, 0x000000008cf00000|100%| O|  |TAMS 0x000000008cf00000, 0x000000008cf00000| Untracked 
| 207|0x000000008cf00000, 0x000000008d000000, 0x000000008d000000|100%| O|  |TAMS 0x000000008d000000, 0x000000008d000000| Untracked 
| 208|0x000000008d000000, 0x000000008d100000, 0x000000008d100000|100%| O|  |TAMS 0x000000008d100000, 0x000000008d100000| Untracked 
| 209|0x000000008d100000, 0x000000008d200000, 0x000000008d200000|100%| O|  |TAMS 0x000000008d200000, 0x000000008d200000| Untracked 
| 210|0x000000008d200000, 0x000000008d300000, 0x000000008d300000|100%| O|  |TAMS 0x000000008d300000, 0x000000008d300000| Untracked 
| 211|0x000000008d300000, 0x000000008d400000, 0x000000008d400000|100%| O|  |TAMS 0x000000008d400000, 0x000000008d400000| Untracked 
| 212|0x000000008d400000, 0x000000008d500000, 0x000000008d500000|100%| O|  |TAMS 0x000000008d500000, 0x000000008d500000| Untracked 
| 213|0x000000008d500000, 0x000000008d600000, 0x000000008d600000|100%|HS|  |TAMS 0x000000008d600000, 0x000000008d600000| Complete 
| 214|0x000000008d600000, 0x000000008d700000, 0x000000008d700000|100%|HS|  |TAMS 0x000000008d700000, 0x000000008d700000| Complete 
| 215|0x000000008d700000, 0x000000008d800000, 0x000000008d800000|100%|HS|  |TAMS 0x000000008d800000, 0x000000008d800000| Complete 
| 216|0x000000008d800000, 0x000000008d900000, 0x000000008d900000|100%| O|  |TAMS 0x000000008d900000, 0x000000008d900000| Untracked 
| 217|0x000000008d900000, 0x000000008da00000, 0x000000008da00000|100%| O|  |TAMS 0x000000008da00000, 0x000000008da00000| Untracked 
| 218|0x000000008da00000, 0x000000008db00000, 0x000000008db00000|100%| O|  |TAMS 0x000000008db00000, 0x000000008db00000| Untracked 
| 219|0x000000008db00000, 0x000000008dc00000, 0x000000008dc00000|100%| O|  |TAMS 0x000000008dc00000, 0x000000008dc00000| Untracked 
| 220|0x000000008dc00000, 0x000000008dd00000, 0x000000008dd00000|100%| O|  |TAMS 0x000000008dd00000, 0x000000008dd00000| Untracked 
| 221|0x000000008dd00000, 0x000000008de00000, 0x000000008de00000|100%| O|  |TAMS 0x000000008de00000, 0x000000008de00000| Untracked 
| 222|0x000000008de00000, 0x000000008df00000, 0x000000008df00000|100%| O|  |TAMS 0x000000008df00000, 0x000000008df00000| Untracked 
| 223|0x000000008df00000, 0x000000008e000000, 0x000000008e000000|100%| O|  |TAMS 0x000000008e000000, 0x000000008e000000| Untracked 
| 224|0x000000008e000000, 0x000000008e100000, 0x000000008e100000|100%| O|  |TAMS 0x000000008e100000, 0x000000008e100000| Untracked 
| 225|0x000000008e100000, 0x000000008e200000, 0x000000008e200000|100%| O|  |TAMS 0x000000008e200000, 0x000000008e200000| Untracked 
| 226|0x000000008e200000, 0x000000008e300000, 0x000000008e300000|100%| O|  |TAMS 0x000000008e300000, 0x000000008e300000| Untracked 
| 227|0x000000008e300000, 0x000000008e400000, 0x000000008e400000|100%| O|  |TAMS 0x000000008e400000, 0x000000008e400000| Untracked 
| 228|0x000000008e400000, 0x000000008e500000, 0x000000008e500000|100%| O|  |TAMS 0x000000008e500000, 0x000000008e500000| Untracked 
| 229|0x000000008e500000, 0x000000008e600000, 0x000000008e600000|100%| O|  |TAMS 0x000000008e600000, 0x000000008e600000| Untracked 
| 230|0x000000008e600000, 0x000000008e700000, 0x000000008e700000|100%| O|  |TAMS 0x000000008e700000, 0x000000008e700000| Untracked 
| 231|0x000000008e700000, 0x000000008e800000, 0x000000008e800000|100%| O|  |TAMS 0x000000008e800000, 0x000000008e800000| Untracked 
| 232|0x000000008e800000, 0x000000008e900000, 0x000000008e900000|100%| O|  |TAMS 0x000000008e900000, 0x000000008e900000| Untracked 
| 233|0x000000008e900000, 0x000000008ea00000, 0x000000008ea00000|100%| O|  |TAMS 0x000000008ea00000, 0x000000008ea00000| Untracked 
| 234|0x000000008ea00000, 0x000000008eb00000, 0x000000008eb00000|100%| O|  |TAMS 0x000000008eb00000, 0x000000008eb00000| Untracked 
| 235|0x000000008eb00000, 0x000000008ec00000, 0x000000008ec00000|100%| O|  |TAMS 0x000000008ec00000, 0x000000008ec00000| Untracked 
| 236|0x000000008ec00000, 0x000000008ed00000, 0x000000008ed00000|100%| O|  |TAMS 0x000000008ed00000, 0x000000008ed00000| Untracked 
| 237|0x000000008ed00000, 0x000000008ee00000, 0x000000008ee00000|100%| O|  |TAMS 0x000000008ee00000, 0x000000008ee00000| Untracked 
| 238|0x000000008ee00000, 0x000000008ef00000, 0x000000008ef00000|100%| O|  |TAMS 0x000000008ef00000, 0x000000008ef00000| Untracked 
| 239|0x000000008ef00000, 0x000000008f000000, 0x000000008f000000|100%| O|  |TAMS 0x000000008f000000, 0x000000008f000000| Untracked 
| 240|0x000000008f000000, 0x000000008f100000, 0x000000008f100000|100%| O|  |TAMS 0x000000008f100000, 0x000000008f100000| Untracked 
| 241|0x000000008f100000, 0x000000008f200000, 0x000000008f200000|100%| O|  |TAMS 0x000000008f200000, 0x000000008f200000| Untracked 
| 242|0x000000008f200000, 0x000000008f300000, 0x000000008f300000|100%| O|  |TAMS 0x000000008f300000, 0x000000008f300000| Untracked 
| 243|0x000000008f300000, 0x000000008f400000, 0x000000008f400000|100%| O|  |TAMS 0x000000008f400000, 0x000000008f400000| Untracked 
| 244|0x000000008f400000, 0x000000008f500000, 0x000000008f500000|100%|HS|  |TAMS 0x000000008f500000, 0x000000008f500000| Complete 
| 245|0x000000008f500000, 0x000000008f600000, 0x000000008f600000|100%| O|  |TAMS 0x000000008f600000, 0x000000008f600000| Untracked 
| 246|0x000000008f600000, 0x000000008f700000, 0x000000008f700000|100%| O|  |TAMS 0x000000008f700000, 0x000000008f700000| Untracked 
| 247|0x000000008f700000, 0x000000008f800000, 0x000000008f800000|100%| O|  |TAMS 0x000000008f800000, 0x000000008f800000| Untracked 
| 248|0x000000008f800000, 0x000000008f900000, 0x000000008f900000|100%| O|  |TAMS 0x000000008f900000, 0x000000008f900000| Untracked 
| 249|0x000000008f900000, 0x000000008fa00000, 0x000000008fa00000|100%| O|  |TAMS 0x000000008fa00000, 0x000000008fa00000| Untracked 
| 250|0x000000008fa00000, 0x000000008fb00000, 0x000000008fb00000|100%| O|  |TAMS 0x000000008fb00000, 0x000000008fb00000| Untracked 
| 251|0x000000008fb00000, 0x000000008fc00000, 0x000000008fc00000|100%| O|  |TAMS 0x000000008fc00000, 0x000000008fc00000| Untracked 
| 252|0x000000008fc00000, 0x000000008fd00000, 0x000000008fd00000|100%| O|  |TAMS 0x000000008fd00000, 0x000000008fd00000| Untracked 
| 253|0x000000008fd00000, 0x000000008fe00000, 0x000000008fe00000|100%| O|  |TAMS 0x000000008fe00000, 0x000000008fe00000| Untracked 
| 254|0x000000008fe00000, 0x000000008ff00000, 0x000000008ff00000|100%| O|  |TAMS 0x000000008ff00000, 0x000000008ff00000| Untracked 
| 255|0x000000008ff00000, 0x0000000090000000, 0x0000000090000000|100%| O|  |TAMS 0x0000000090000000, 0x0000000090000000| Untracked 
| 256|0x0000000090000000, 0x0000000090100000, 0x0000000090100000|100%| O|  |TAMS 0x0000000090100000, 0x0000000090100000| Untracked 
| 257|0x0000000090100000, 0x0000000090200000, 0x0000000090200000|100%| O|  |TAMS 0x0000000090200000, 0x0000000090200000| Untracked 
| 258|0x0000000090200000, 0x0000000090300000, 0x0000000090300000|100%|HS|  |TAMS 0x0000000090300000, 0x0000000090300000| Complete 
| 259|0x0000000090300000, 0x0000000090400000, 0x0000000090400000|100%|HS|  |TAMS 0x0000000090400000, 0x0000000090400000| Complete 
| 260|0x0000000090400000, 0x0000000090500000, 0x0000000090500000|100%|HS|  |TAMS 0x0000000090500000, 0x0000000090500000| Complete 
| 261|0x0000000090500000, 0x0000000090600000, 0x0000000090600000|100%|HC|  |TAMS 0x0000000090600000, 0x0000000090600000| Complete 
| 262|0x0000000090600000, 0x0000000090700000, 0x0000000090700000|100%|HC|  |TAMS 0x0000000090700000, 0x0000000090700000| Complete 
| 263|0x0000000090700000, 0x0000000090800000, 0x0000000090800000|100%| O|  |TAMS 0x0000000090800000, 0x0000000090800000| Untracked 
| 264|0x0000000090800000, 0x0000000090900000, 0x0000000090900000|100%| O|  |TAMS 0x0000000090900000, 0x0000000090900000| Untracked 
| 265|0x0000000090900000, 0x0000000090a00000, 0x0000000090a00000|100%| O|  |TAMS 0x0000000090a00000, 0x0000000090a00000| Untracked 
| 266|0x0000000090a00000, 0x0000000090b00000, 0x0000000090b00000|100%| O|  |TAMS 0x0000000090b00000, 0x0000000090b00000| Untracked 
| 267|0x0000000090b00000, 0x0000000090c00000, 0x0000000090c00000|100%| O|  |TAMS 0x0000000090c00000, 0x0000000090c00000| Untracked 
| 268|0x0000000090c00000, 0x0000000090d00000, 0x0000000090d00000|100%| O|  |TAMS 0x0000000090d00000, 0x0000000090d00000| Untracked 
| 269|0x0000000090d00000, 0x0000000090e00000, 0x0000000090e00000|100%| O|  |TAMS 0x0000000090e00000, 0x0000000090e00000| Untracked 
| 270|0x0000000090e00000, 0x0000000090f00000, 0x0000000090f00000|100%| O|  |TAMS 0x0000000090f00000, 0x0000000090f00000| Untracked 
| 271|0x0000000090f00000, 0x0000000091000000, 0x0000000091000000|100%| O|  |TAMS 0x0000000091000000, 0x0000000091000000| Untracked 
| 272|0x0000000091000000, 0x0000000091100000, 0x0000000091100000|100%| O|  |TAMS 0x0000000091100000, 0x0000000091100000| Untracked 
| 273|0x0000000091100000, 0x0000000091200000, 0x0000000091200000|100%| O|  |TAMS 0x0000000091200000, 0x0000000091200000| Untracked 
| 274|0x0000000091200000, 0x0000000091300000, 0x0000000091300000|100%| O|  |TAMS 0x0000000091300000, 0x0000000091300000| Untracked 
| 275|0x0000000091300000, 0x0000000091400000, 0x0000000091400000|100%| O|  |TAMS 0x0000000091400000, 0x0000000091400000| Untracked 
| 276|0x0000000091400000, 0x0000000091500000, 0x0000000091500000|100%|HS|  |TAMS 0x0000000091400000, 0x0000000091500000| Complete 
| 277|0x0000000091500000, 0x0000000091600000, 0x0000000091600000|100%| O|  |TAMS 0x0000000091600000, 0x0000000091600000| Untracked 
| 278|0x0000000091600000, 0x0000000091700000, 0x0000000091700000|100%|HS|  |TAMS 0x0000000091700000, 0x0000000091700000| Complete 
| 279|0x0000000091700000, 0x0000000091800000, 0x0000000091800000|100%|HS|  |TAMS 0x0000000091800000, 0x0000000091800000| Complete 
| 280|0x0000000091800000, 0x0000000091900000, 0x0000000091900000|100%|HS|  |TAMS 0x0000000091900000, 0x0000000091900000| Complete 
| 281|0x0000000091900000, 0x0000000091a00000, 0x0000000091a00000|100%| O|  |TAMS 0x0000000091a00000, 0x0000000091a00000| Untracked 
| 282|0x0000000091a00000, 0x0000000091b00000, 0x0000000091b00000|100%| O|  |TAMS 0x0000000091b00000, 0x0000000091b00000| Untracked 
| 283|0x0000000091b00000, 0x0000000091c00000, 0x0000000091c00000|100%| O|  |TAMS 0x0000000091c00000, 0x0000000091c00000| Untracked 
| 284|0x0000000091c00000, 0x0000000091d00000, 0x0000000091d00000|100%| O|  |TAMS 0x0000000091d00000, 0x0000000091d00000| Untracked 
| 285|0x0000000091d00000, 0x0000000091e00000, 0x0000000091e00000|100%| O|  |TAMS 0x0000000091e00000, 0x0000000091e00000| Untracked 
| 286|0x0000000091e00000, 0x0000000091f00000, 0x0000000091f00000|100%| O|  |TAMS 0x0000000091f00000, 0x0000000091f00000| Untracked 
| 287|0x0000000091f00000, 0x0000000092000000, 0x0000000092000000|100%| O|  |TAMS 0x0000000092000000, 0x0000000092000000| Untracked 
| 288|0x0000000092000000, 0x0000000092100000, 0x0000000092100000|100%| O|  |TAMS 0x0000000092100000, 0x0000000092100000| Untracked 
| 289|0x0000000092100000, 0x0000000092200000, 0x0000000092200000|100%| O|  |TAMS 0x0000000092200000, 0x0000000092200000| Untracked 
| 290|0x0000000092200000, 0x0000000092300000, 0x0000000092300000|100%| O|  |TAMS 0x0000000092300000, 0x0000000092300000| Untracked 
| 291|0x0000000092300000, 0x0000000092400000, 0x0000000092400000|100%|HS|  |TAMS 0x0000000092300000, 0x0000000092400000| Complete 
| 292|0x0000000092400000, 0x0000000092500000, 0x0000000092500000|100%| O|  |TAMS 0x0000000092500000, 0x0000000092500000| Untracked 
| 293|0x0000000092500000, 0x0000000092600000, 0x0000000092600000|100%| O|  |TAMS 0x0000000092600000, 0x0000000092600000| Untracked 
| 294|0x0000000092600000, 0x0000000092700000, 0x0000000092700000|100%| O|  |TAMS 0x0000000092700000, 0x0000000092700000| Untracked 
| 295|0x0000000092700000, 0x0000000092800000, 0x0000000092800000|100%| O|  |TAMS 0x0000000092800000, 0x0000000092800000| Untracked 
| 296|0x0000000092800000, 0x0000000092900000, 0x0000000092900000|100%| O|  |TAMS 0x0000000092900000, 0x0000000092900000| Untracked 
| 297|0x0000000092900000, 0x0000000092a00000, 0x0000000092a00000|100%| O|  |TAMS 0x0000000092a00000, 0x0000000092a00000| Untracked 
| 298|0x0000000092a00000, 0x0000000092b00000, 0x0000000092b00000|100%| O|  |TAMS 0x0000000092b00000, 0x0000000092b00000| Untracked 
| 299|0x0000000092b00000, 0x0000000092c00000, 0x0000000092c00000|100%| O|  |TAMS 0x0000000092c00000, 0x0000000092c00000| Untracked 
| 300|0x0000000092c00000, 0x0000000092d00000, 0x0000000092d00000|100%| O|  |TAMS 0x0000000092d00000, 0x0000000092d00000| Untracked 
| 301|0x0000000092d00000, 0x0000000092e00000, 0x0000000092e00000|100%| O|  |TAMS 0x0000000092e00000, 0x0000000092e00000| Untracked 
| 302|0x0000000092e00000, 0x0000000092f00000, 0x0000000092f00000|100%| O|  |TAMS 0x0000000092f00000, 0x0000000092f00000| Untracked 
| 303|0x0000000092f00000, 0x0000000093000000, 0x0000000093000000|100%| O|  |TAMS 0x0000000093000000, 0x0000000093000000| Untracked 
| 304|0x0000000093000000, 0x0000000093100000, 0x0000000093100000|100%|HS|  |TAMS 0x0000000093100000, 0x0000000093100000| Complete 
| 305|0x0000000093100000, 0x0000000093200000, 0x0000000093200000|100%|HS|  |TAMS 0x0000000093200000, 0x0000000093200000| Complete 
| 306|0x0000000093200000, 0x0000000093300000, 0x0000000093300000|100%| O|  |TAMS 0x0000000093300000, 0x0000000093300000| Untracked 
| 307|0x0000000093300000, 0x0000000093400000, 0x0000000093400000|100%| O|  |TAMS 0x0000000093400000, 0x0000000093400000| Untracked 
| 308|0x0000000093400000, 0x0000000093500000, 0x0000000093500000|100%| O|  |TAMS 0x0000000093500000, 0x0000000093500000| Untracked 
| 309|0x0000000093500000, 0x0000000093600000, 0x0000000093600000|100%| O|  |TAMS 0x0000000093600000, 0x0000000093600000| Untracked 
| 310|0x0000000093600000, 0x0000000093700000, 0x0000000093700000|100%| O|  |TAMS 0x0000000093700000, 0x0000000093700000| Untracked 
| 311|0x0000000093700000, 0x0000000093800000, 0x0000000093800000|100%| O|  |TAMS 0x0000000093800000, 0x0000000093800000| Untracked 
| 312|0x0000000093800000, 0x0000000093900000, 0x0000000093900000|100%| O|  |TAMS 0x0000000093900000, 0x0000000093900000| Untracked 
| 313|0x0000000093900000, 0x0000000093a00000, 0x0000000093a00000|100%| O|  |TAMS 0x0000000093a00000, 0x0000000093a00000| Untracked 
| 314|0x0000000093a00000, 0x0000000093b00000, 0x0000000093b00000|100%| O|  |TAMS 0x0000000093b00000, 0x0000000093b00000| Untracked 
| 315|0x0000000093b00000, 0x0000000093c00000, 0x0000000093c00000|100%| O|  |TAMS 0x0000000093c00000, 0x0000000093c00000| Untracked 
| 316|0x0000000093c00000, 0x0000000093d00000, 0x0000000093d00000|100%| O|  |TAMS 0x0000000093d00000, 0x0000000093d00000| Untracked 
| 317|0x0000000093d00000, 0x0000000093e00000, 0x0000000093e00000|100%| O|  |TAMS 0x0000000093e00000, 0x0000000093e00000| Untracked 
| 318|0x0000000093e00000, 0x0000000093f00000, 0x0000000093f00000|100%| O|  |TAMS 0x0000000093f00000, 0x0000000093f00000| Untracked 
| 319|0x0000000093f00000, 0x0000000094000000, 0x0000000094000000|100%| O|  |TAMS 0x0000000094000000, 0x0000000094000000| Untracked 
| 320|0x0000000094000000, 0x0000000094100000, 0x0000000094100000|100%| O|  |TAMS 0x0000000094100000, 0x0000000094100000| Untracked 
| 321|0x0000000094100000, 0x0000000094200000, 0x0000000094200000|100%| O|  |TAMS 0x0000000094200000, 0x0000000094200000| Untracked 
| 322|0x0000000094200000, 0x0000000094300000, 0x0000000094300000|100%| O|  |TAMS 0x0000000094300000, 0x0000000094300000| Untracked 
| 323|0x0000000094300000, 0x0000000094400000, 0x0000000094400000|100%| O|  |TAMS 0x0000000094400000, 0x0000000094400000| Untracked 
| 324|0x0000000094400000, 0x0000000094500000, 0x0000000094500000|100%| O|  |TAMS 0x0000000094500000, 0x0000000094500000| Untracked 
| 325|0x0000000094500000, 0x0000000094600000, 0x0000000094600000|100%| O|  |TAMS 0x0000000094600000, 0x0000000094600000| Untracked 
| 326|0x0000000094600000, 0x0000000094700000, 0x0000000094700000|100%|HS|  |TAMS 0x0000000094700000, 0x0000000094700000| Complete 
| 327|0x0000000094700000, 0x0000000094800000, 0x0000000094800000|100%|HS|  |TAMS 0x0000000094800000, 0x0000000094800000| Complete 
| 328|0x0000000094800000, 0x0000000094900000, 0x0000000094900000|100%| O|  |TAMS 0x0000000094900000, 0x0000000094900000| Untracked 
| 329|0x0000000094900000, 0x0000000094a00000, 0x0000000094a00000|100%|HS|  |TAMS 0x0000000094900000, 0x0000000094a00000| Complete 
| 330|0x0000000094a00000, 0x0000000094b00000, 0x0000000094b00000|100%| O|  |TAMS 0x0000000094b00000, 0x0000000094b00000| Untracked 
| 331|0x0000000094b00000, 0x0000000094c00000, 0x0000000094c00000|100%| O|  |TAMS 0x0000000094c00000, 0x0000000094c00000| Untracked 
| 332|0x0000000094c00000, 0x0000000094d00000, 0x0000000094d00000|100%| O|  |TAMS 0x0000000094d00000, 0x0000000094d00000| Untracked 
| 333|0x0000000094d00000, 0x0000000094e00000, 0x0000000094e00000|100%| O|  |TAMS 0x0000000094e00000, 0x0000000094e00000| Untracked 
| 334|0x0000000094e00000, 0x0000000094f00000, 0x0000000094f00000|100%| O|  |TAMS 0x0000000094f00000, 0x0000000094f00000| Untracked 
| 335|0x0000000094f00000, 0x0000000095000000, 0x0000000095000000|100%| O|  |TAMS 0x0000000095000000, 0x0000000095000000| Untracked 
| 336|0x0000000095000000, 0x0000000095100000, 0x0000000095100000|100%|HS|  |TAMS 0x0000000095000000, 0x0000000095100000| Complete 
| 337|0x0000000095100000, 0x0000000095200000, 0x0000000095200000|100%|HC|  |TAMS 0x0000000095100000, 0x0000000095200000| Complete 
| 338|0x0000000095200000, 0x0000000095300000, 0x0000000095300000|100%| O|  |TAMS 0x0000000095300000, 0x0000000095300000| Untracked 
| 339|0x0000000095300000, 0x0000000095400000, 0x0000000095400000|100%| O|  |TAMS 0x0000000095400000, 0x0000000095400000| Untracked 
| 340|0x0000000095400000, 0x0000000095500000, 0x0000000095500000|100%| O|  |TAMS 0x0000000095500000, 0x0000000095500000| Untracked 
| 341|0x0000000095500000, 0x0000000095600000, 0x0000000095600000|100%| O|  |TAMS 0x0000000095600000, 0x0000000095600000| Untracked 
| 342|0x0000000095600000, 0x0000000095700000, 0x0000000095700000|100%| O|  |TAMS 0x0000000095700000, 0x0000000095700000| Untracked 
| 343|0x0000000095700000, 0x0000000095800000, 0x0000000095800000|100%| O|  |TAMS 0x0000000095800000, 0x0000000095800000| Untracked 
| 344|0x0000000095800000, 0x0000000095900000, 0x0000000095900000|100%| O|  |TAMS 0x0000000095900000, 0x0000000095900000| Untracked 
| 345|0x0000000095900000, 0x0000000095a00000, 0x0000000095a00000|100%| O|  |TAMS 0x0000000095a00000, 0x0000000095a00000| Untracked 
| 346|0x0000000095a00000, 0x0000000095b00000, 0x0000000095b00000|100%| O|  |TAMS 0x0000000095b00000, 0x0000000095b00000| Untracked 
| 347|0x0000000095b00000, 0x0000000095c00000, 0x0000000095c00000|100%| O|  |TAMS 0x0000000095c00000, 0x0000000095c00000| Untracked 
| 348|0x0000000095c00000, 0x0000000095d00000, 0x0000000095d00000|100%| O|  |TAMS 0x0000000095d00000, 0x0000000095d00000| Untracked 
| 349|0x0000000095d00000, 0x0000000095e00000, 0x0000000095e00000|100%| O|  |TAMS 0x0000000095e00000, 0x0000000095e00000| Untracked 
| 350|0x0000000095e00000, 0x0000000095f00000, 0x0000000095f00000|100%| O|  |TAMS 0x0000000095f00000, 0x0000000095f00000| Untracked 
| 351|0x0000000095f00000, 0x0000000096000000, 0x0000000096000000|100%| O|  |TAMS 0x0000000096000000, 0x0000000096000000| Untracked 
| 352|0x0000000096000000, 0x0000000096100000, 0x0000000096100000|100%| O|  |TAMS 0x0000000096100000, 0x0000000096100000| Untracked 
| 353|0x0000000096100000, 0x0000000096200000, 0x0000000096200000|100%| O|  |TAMS 0x0000000096200000, 0x0000000096200000| Untracked 
| 354|0x0000000096200000, 0x0000000096300000, 0x0000000096300000|100%| O|  |TAMS 0x0000000096300000, 0x0000000096300000| Untracked 
| 355|0x0000000096300000, 0x0000000096400000, 0x0000000096400000|100%| O|  |TAMS 0x0000000096400000, 0x0000000096400000| Untracked 
| 356|0x0000000096400000, 0x0000000096500000, 0x0000000096500000|100%| O|  |TAMS 0x0000000096500000, 0x0000000096500000| Untracked 
| 357|0x0000000096500000, 0x0000000096600000, 0x0000000096600000|100%| O|  |TAMS 0x0000000096600000, 0x0000000096600000| Untracked 
| 358|0x0000000096600000, 0x0000000096700000, 0x0000000096700000|100%| O|  |TAMS 0x0000000096700000, 0x0000000096700000| Untracked 
| 359|0x0000000096700000, 0x0000000096800000, 0x0000000096800000|100%| O|  |TAMS 0x0000000096800000, 0x0000000096800000| Untracked 
| 360|0x0000000096800000, 0x0000000096900000, 0x0000000096900000|100%| O|  |TAMS 0x0000000096900000, 0x0000000096900000| Untracked 
| 361|0x0000000096900000, 0x0000000096a00000, 0x0000000096a00000|100%| O|  |TAMS 0x0000000096a00000, 0x0000000096a00000| Untracked 
| 362|0x0000000096a00000, 0x0000000096b00000, 0x0000000096b00000|100%| O|  |TAMS 0x0000000096b00000, 0x0000000096b00000| Untracked 
| 363|0x0000000096b00000, 0x0000000096c00000, 0x0000000096c00000|100%| O|  |TAMS 0x0000000096c00000, 0x0000000096c00000| Untracked 
| 364|0x0000000096c00000, 0x0000000096d00000, 0x0000000096d00000|100%| O|  |TAMS 0x0000000096d00000, 0x0000000096d00000| Untracked 
| 365|0x0000000096d00000, 0x0000000096e00000, 0x0000000096e00000|100%| O|  |TAMS 0x0000000096e00000, 0x0000000096e00000| Untracked 
| 366|0x0000000096e00000, 0x0000000096f00000, 0x0000000096f00000|100%| O|  |TAMS 0x0000000096f00000, 0x0000000096f00000| Untracked 
| 367|0x0000000096f00000, 0x0000000097000000, 0x0000000097000000|100%| O|  |TAMS 0x0000000097000000, 0x0000000097000000| Untracked 
| 368|0x0000000097000000, 0x0000000097100000, 0x0000000097100000|100%| O|  |TAMS 0x0000000097100000, 0x0000000097100000| Untracked 
| 369|0x0000000097100000, 0x0000000097200000, 0x0000000097200000|100%| O|  |TAMS 0x0000000097200000, 0x0000000097200000| Untracked 
| 370|0x0000000097200000, 0x0000000097300000, 0x0000000097300000|100%| O|  |TAMS 0x0000000097300000, 0x0000000097300000| Untracked 
| 371|0x0000000097300000, 0x0000000097400000, 0x0000000097400000|100%| O|  |TAMS 0x0000000097400000, 0x0000000097400000| Untracked 
| 372|0x0000000097400000, 0x0000000097500000, 0x0000000097500000|100%| O|  |TAMS 0x0000000097500000, 0x0000000097500000| Untracked 
| 373|0x0000000097500000, 0x0000000097600000, 0x0000000097600000|100%| O|  |TAMS 0x0000000097600000, 0x0000000097600000| Untracked 
| 374|0x0000000097600000, 0x0000000097700000, 0x0000000097700000|100%| O|  |TAMS 0x0000000097700000, 0x0000000097700000| Untracked 
| 375|0x0000000097700000, 0x0000000097800000, 0x0000000097800000|100%| O|  |TAMS 0x0000000097800000, 0x0000000097800000| Untracked 
| 376|0x0000000097800000, 0x0000000097900000, 0x0000000097900000|100%| O|  |TAMS 0x0000000097900000, 0x0000000097900000| Untracked 
| 377|0x0000000097900000, 0x0000000097a00000, 0x0000000097a00000|100%| O|  |TAMS 0x0000000097a00000, 0x0000000097a00000| Untracked 
| 378|0x0000000097a00000, 0x0000000097b00000, 0x0000000097b00000|100%| O|  |TAMS 0x0000000097b00000, 0x0000000097b00000| Untracked 
| 379|0x0000000097b00000, 0x0000000097c00000, 0x0000000097c00000|100%| O|  |TAMS 0x0000000097c00000, 0x0000000097c00000| Untracked 
| 380|0x0000000097c00000, 0x0000000097d00000, 0x0000000097d00000|100%| O|  |TAMS 0x0000000097d00000, 0x0000000097d00000| Untracked 
| 381|0x0000000097d00000, 0x0000000097e00000, 0x0000000097e00000|100%| O|  |TAMS 0x0000000097e00000, 0x0000000097e00000| Untracked 
| 382|0x0000000097e00000, 0x0000000097f00000, 0x0000000097f00000|100%| O|  |TAMS 0x0000000097f00000, 0x0000000097f00000| Untracked 
| 383|0x0000000097f00000, 0x0000000098000000, 0x0000000098000000|100%| O|  |TAMS 0x0000000098000000, 0x0000000098000000| Untracked 
| 384|0x0000000098000000, 0x0000000098100000, 0x0000000098100000|100%|HS|  |TAMS 0x0000000098000000, 0x0000000098100000| Complete 
| 385|0x0000000098100000, 0x0000000098200000, 0x0000000098200000|100%| O|  |TAMS 0x0000000098200000, 0x0000000098200000| Untracked 
| 386|0x0000000098200000, 0x0000000098300000, 0x0000000098300000|100%| O|  |TAMS 0x0000000098300000, 0x0000000098300000| Untracked 
| 387|0x0000000098300000, 0x0000000098400000, 0x0000000098400000|100%| O|  |TAMS 0x0000000098400000, 0x0000000098400000| Untracked 
| 388|0x0000000098400000, 0x0000000098500000, 0x0000000098500000|100%| O|  |TAMS 0x0000000098500000, 0x0000000098500000| Untracked 
| 389|0x0000000098500000, 0x0000000098600000, 0x0000000098600000|100%|HS|  |TAMS 0x0000000098500000, 0x0000000098600000| Complete 
| 390|0x0000000098600000, 0x0000000098700000, 0x0000000098700000|100%| O|  |TAMS 0x0000000098700000, 0x0000000098700000| Untracked 
| 391|0x0000000098700000, 0x0000000098800000, 0x0000000098800000|100%| O|  |TAMS 0x0000000098800000, 0x0000000098800000| Untracked 
| 392|0x0000000098800000, 0x0000000098900000, 0x0000000098900000|100%| O|  |TAMS 0x0000000098900000, 0x0000000098900000| Untracked 
| 393|0x0000000098900000, 0x0000000098a00000, 0x0000000098a00000|100%| O|  |TAMS 0x0000000098a00000, 0x0000000098a00000| Untracked 
| 394|0x0000000098a00000, 0x0000000098b00000, 0x0000000098b00000|100%| O|  |TAMS 0x0000000098b00000, 0x0000000098b00000| Untracked 
| 395|0x0000000098b00000, 0x0000000098c00000, 0x0000000098c00000|100%| O|  |TAMS 0x0000000098c00000, 0x0000000098c00000| Untracked 
| 396|0x0000000098c00000, 0x0000000098d00000, 0x0000000098d00000|100%| O|  |TAMS 0x0000000098d00000, 0x0000000098d00000| Untracked 
| 397|0x0000000098d00000, 0x0000000098e00000, 0x0000000098e00000|100%| O|  |TAMS 0x0000000098e00000, 0x0000000098e00000| Untracked 
| 398|0x0000000098e00000, 0x0000000098f00000, 0x0000000098f00000|100%| O|  |TAMS 0x0000000098f00000, 0x0000000098f00000| Untracked 
| 399|0x0000000098f00000, 0x0000000099000000, 0x0000000099000000|100%|HS|  |TAMS 0x0000000098f00000, 0x0000000099000000| Complete 
| 400|0x0000000099000000, 0x0000000099100000, 0x0000000099100000|100%|HC|  |TAMS 0x0000000099000000, 0x0000000099100000| Complete 
| 401|0x0000000099100000, 0x0000000099200000, 0x0000000099200000|100%| O|  |TAMS 0x0000000099200000, 0x0000000099200000| Untracked 
| 402|0x0000000099200000, 0x0000000099300000, 0x0000000099300000|100%| O|  |TAMS 0x0000000099300000, 0x0000000099300000| Untracked 
| 403|0x0000000099300000, 0x0000000099400000, 0x0000000099400000|100%| O|  |TAMS 0x0000000099400000, 0x0000000099400000| Untracked 
| 404|0x0000000099400000, 0x0000000099500000, 0x0000000099500000|100%| O|  |TAMS 0x0000000099500000, 0x0000000099500000| Untracked 
| 405|0x0000000099500000, 0x0000000099600000, 0x0000000099600000|100%| O|  |TAMS 0x0000000099600000, 0x0000000099600000| Untracked 
| 406|0x0000000099600000, 0x0000000099700000, 0x0000000099700000|100%| O|  |TAMS 0x0000000099700000, 0x0000000099700000| Untracked 
| 407|0x0000000099700000, 0x0000000099800000, 0x0000000099800000|100%| O|  |TAMS 0x0000000099800000, 0x0000000099800000| Untracked 
| 408|0x0000000099800000, 0x0000000099900000, 0x0000000099900000|100%| O|  |TAMS 0x0000000099900000, 0x0000000099900000| Untracked 
| 409|0x0000000099900000, 0x0000000099a00000, 0x0000000099a00000|100%| O|  |TAMS 0x0000000099a00000, 0x0000000099a00000| Untracked 
| 410|0x0000000099a00000, 0x0000000099b00000, 0x0000000099b00000|100%| O|  |TAMS 0x0000000099b00000, 0x0000000099b00000| Untracked 
| 411|0x0000000099b00000, 0x0000000099c00000, 0x0000000099c00000|100%| O|  |TAMS 0x0000000099c00000, 0x0000000099c00000| Untracked 
| 412|0x0000000099c00000, 0x0000000099d00000, 0x0000000099d00000|100%| O|  |TAMS 0x0000000099d00000, 0x0000000099d00000| Untracked 
| 413|0x0000000099d00000, 0x0000000099e00000, 0x0000000099e00000|100%| O|  |TAMS 0x0000000099e00000, 0x0000000099e00000| Untracked 
| 414|0x0000000099e00000, 0x0000000099f00000, 0x0000000099f00000|100%| O|  |TAMS 0x0000000099f00000, 0x0000000099f00000| Untracked 
| 415|0x0000000099f00000, 0x000000009a000000, 0x000000009a000000|100%| O|  |TAMS 0x000000009a000000, 0x000000009a000000| Untracked 
| 416|0x000000009a000000, 0x000000009a100000, 0x000000009a100000|100%| O|  |TAMS 0x000000009a100000, 0x000000009a100000| Untracked 
| 417|0x000000009a100000, 0x000000009a200000, 0x000000009a200000|100%| O|  |TAMS 0x000000009a200000, 0x000000009a200000| Untracked 
| 418|0x000000009a200000, 0x000000009a300000, 0x000000009a300000|100%| O|  |TAMS 0x000000009a300000, 0x000000009a300000| Untracked 
| 419|0x000000009a300000, 0x000000009a400000, 0x000000009a400000|100%| O|  |TAMS 0x000000009a400000, 0x000000009a400000| Untracked 
| 420|0x000000009a400000, 0x000000009a500000, 0x000000009a500000|100%| O|  |TAMS 0x000000009a500000, 0x000000009a500000| Untracked 
| 421|0x000000009a500000, 0x000000009a600000, 0x000000009a600000|100%| O|  |TAMS 0x000000009a600000, 0x000000009a600000| Untracked 
| 422|0x000000009a600000, 0x000000009a700000, 0x000000009a700000|100%| O|  |TAMS 0x000000009a700000, 0x000000009a700000| Untracked 
| 423|0x000000009a700000, 0x000000009a800000, 0x000000009a800000|100%| O|  |TAMS 0x000000009a800000, 0x000000009a800000| Untracked 
| 424|0x000000009a800000, 0x000000009a900000, 0x000000009a900000|100%| O|  |TAMS 0x000000009a900000, 0x000000009a900000| Untracked 
| 425|0x000000009a900000, 0x000000009aa00000, 0x000000009aa00000|100%| O|  |TAMS 0x000000009aa00000, 0x000000009aa00000| Untracked 
| 426|0x000000009aa00000, 0x000000009ab00000, 0x000000009ab00000|100%| O|  |TAMS 0x000000009ab00000, 0x000000009ab00000| Untracked 
| 427|0x000000009ab00000, 0x000000009ac00000, 0x000000009ac00000|100%| O|  |TAMS 0x000000009ac00000, 0x000000009ac00000| Untracked 
| 428|0x000000009ac00000, 0x000000009ad00000, 0x000000009ad00000|100%| O|  |TAMS 0x000000009ad00000, 0x000000009ad00000| Untracked 
| 429|0x000000009ad00000, 0x000000009ae00000, 0x000000009ae00000|100%| O|  |TAMS 0x000000009ae00000, 0x000000009ae00000| Untracked 
| 430|0x000000009ae00000, 0x000000009af00000, 0x000000009af00000|100%| O|  |TAMS 0x000000009af00000, 0x000000009af00000| Untracked 
| 431|0x000000009af00000, 0x000000009b000000, 0x000000009b000000|100%| O|  |TAMS 0x000000009b000000, 0x000000009b000000| Untracked 
| 432|0x000000009b000000, 0x000000009b100000, 0x000000009b100000|100%| O|  |TAMS 0x000000009b100000, 0x000000009b100000| Untracked 
| 433|0x000000009b100000, 0x000000009b200000, 0x000000009b200000|100%| O|  |TAMS 0x000000009b200000, 0x000000009b200000| Untracked 
| 434|0x000000009b200000, 0x000000009b300000, 0x000000009b300000|100%| O|  |TAMS 0x000000009b300000, 0x000000009b300000| Untracked 
| 435|0x000000009b300000, 0x000000009b400000, 0x000000009b400000|100%| O|  |TAMS 0x000000009b400000, 0x000000009b400000| Untracked 
| 436|0x000000009b400000, 0x000000009b500000, 0x000000009b500000|100%| O|  |TAMS 0x000000009b500000, 0x000000009b500000| Untracked 
| 437|0x000000009b500000, 0x000000009b600000, 0x000000009b600000|100%| O|  |TAMS 0x000000009b600000, 0x000000009b600000| Untracked 
| 438|0x000000009b600000, 0x000000009b700000, 0x000000009b700000|100%| O|  |TAMS 0x000000009b700000, 0x000000009b700000| Untracked 
| 439|0x000000009b700000, 0x000000009b800000, 0x000000009b800000|100%| O|  |TAMS 0x000000009b800000, 0x000000009b800000| Untracked 
| 440|0x000000009b800000, 0x000000009b900000, 0x000000009b900000|100%| O|  |TAMS 0x000000009b900000, 0x000000009b900000| Untracked 
| 441|0x000000009b900000, 0x000000009ba00000, 0x000000009ba00000|100%| O|  |TAMS 0x000000009ba00000, 0x000000009ba00000| Untracked 
| 442|0x000000009ba00000, 0x000000009bb00000, 0x000000009bb00000|100%| O|  |TAMS 0x000000009bb00000, 0x000000009bb00000| Untracked 
| 443|0x000000009bb00000, 0x000000009bc00000, 0x000000009bc00000|100%| O|  |TAMS 0x000000009bc00000, 0x000000009bc00000| Untracked 
| 444|0x000000009bc00000, 0x000000009bd00000, 0x000000009bd00000|100%| O|  |TAMS 0x000000009bd00000, 0x000000009bd00000| Untracked 
| 445|0x000000009bd00000, 0x000000009be00000, 0x000000009be00000|100%| O|  |TAMS 0x000000009be00000, 0x000000009be00000| Untracked 
| 446|0x000000009be00000, 0x000000009bf00000, 0x000000009bf00000|100%| O|  |TAMS 0x000000009bf00000, 0x000000009bf00000| Untracked 
| 447|0x000000009bf00000, 0x000000009c000000, 0x000000009c000000|100%| O|  |TAMS 0x000000009c000000, 0x000000009c000000| Untracked 
| 448|0x000000009c000000, 0x000000009c100000, 0x000000009c100000|100%|HS|  |TAMS 0x000000009c100000, 0x000000009c100000| Complete 
| 449|0x000000009c100000, 0x000000009c200000, 0x000000009c200000|100%|HC|  |TAMS 0x000000009c200000, 0x000000009c200000| Complete 
| 450|0x000000009c200000, 0x000000009c300000, 0x000000009c300000|100%|HC|  |TAMS 0x000000009c300000, 0x000000009c300000| Complete 
| 451|0x000000009c300000, 0x000000009c400000, 0x000000009c400000|100%|HS|  |TAMS 0x000000009c400000, 0x000000009c400000| Complete 
| 452|0x000000009c400000, 0x000000009c500000, 0x000000009c500000|100%|HC|  |TAMS 0x000000009c500000, 0x000000009c500000| Complete 
| 453|0x000000009c500000, 0x000000009c600000, 0x000000009c600000|100%|HS|  |TAMS 0x000000009c600000, 0x000000009c600000| Complete 
| 454|0x000000009c600000, 0x000000009c700000, 0x000000009c700000|100%|HS|  |TAMS 0x000000009c700000, 0x000000009c700000| Complete 
| 455|0x000000009c700000, 0x000000009c800000, 0x000000009c800000|100%|HS|  |TAMS 0x000000009c800000, 0x000000009c800000| Complete 
| 456|0x000000009c800000, 0x000000009c900000, 0x000000009c900000|100%|HC|  |TAMS 0x000000009c900000, 0x000000009c900000| Complete 
| 457|0x000000009c900000, 0x000000009ca00000, 0x000000009ca00000|100%| O|  |TAMS 0x000000009ca00000, 0x000000009ca00000| Untracked 
| 458|0x000000009ca00000, 0x000000009cb00000, 0x000000009cb00000|100%|HS|  |TAMS 0x000000009ca00000, 0x000000009cb00000| Complete 
| 459|0x000000009cb00000, 0x000000009cc00000, 0x000000009cc00000|100%| O|  |TAMS 0x000000009cc00000, 0x000000009cc00000| Untracked 
| 460|0x000000009cc00000, 0x000000009cd00000, 0x000000009cd00000|100%|HS|  |TAMS 0x000000009cd00000, 0x000000009cd00000| Complete 
| 461|0x000000009cd00000, 0x000000009ce00000, 0x000000009ce00000|100%|HC|  |TAMS 0x000000009ce00000, 0x000000009ce00000| Complete 
| 462|0x000000009ce00000, 0x000000009cf00000, 0x000000009cf00000|100%|HC|  |TAMS 0x000000009cf00000, 0x000000009cf00000| Complete 
| 463|0x000000009cf00000, 0x000000009d000000, 0x000000009d000000|100%|HS|  |TAMS 0x000000009d000000, 0x000000009d000000| Complete 
| 464|0x000000009d000000, 0x000000009d100000, 0x000000009d100000|100%|HC|  |TAMS 0x000000009d100000, 0x000000009d100000| Complete 
| 465|0x000000009d100000, 0x000000009d200000, 0x000000009d200000|100%|HS|  |TAMS 0x000000009d200000, 0x000000009d200000| Complete 
| 466|0x000000009d200000, 0x000000009d300000, 0x000000009d300000|100%|HS|  |TAMS 0x000000009d300000, 0x000000009d300000| Complete 
| 467|0x000000009d300000, 0x000000009d400000, 0x000000009d400000|100%|HC|  |TAMS 0x000000009d400000, 0x000000009d400000| Complete 
| 468|0x000000009d400000, 0x000000009d500000, 0x000000009d500000|100%|HS|  |TAMS 0x000000009d500000, 0x000000009d500000| Complete 
| 469|0x000000009d500000, 0x000000009d600000, 0x000000009d600000|100%|HC|  |TAMS 0x000000009d600000, 0x000000009d600000| Complete 
| 470|0x000000009d600000, 0x000000009d700000, 0x000000009d700000|100%| O|  |TAMS 0x000000009d700000, 0x000000009d700000| Untracked 
| 471|0x000000009d700000, 0x000000009d800000, 0x000000009d800000|100%| O|  |TAMS 0x000000009d700000, 0x000000009d800000| Untracked 
| 472|0x000000009d800000, 0x000000009d900000, 0x000000009d900000|100%| O|  |TAMS 0x000000009d900000, 0x000000009d900000| Untracked 
| 473|0x000000009d900000, 0x000000009da00000, 0x000000009da00000|100%| O|  |TAMS 0x000000009da00000, 0x000000009da00000| Untracked 
| 474|0x000000009da00000, 0x000000009db00000, 0x000000009db00000|100%| O|  |TAMS 0x000000009db00000, 0x000000009db00000| Untracked 
| 475|0x000000009db00000, 0x000000009dc00000, 0x000000009dc00000|100%| O|  |TAMS 0x000000009dc00000, 0x000000009dc00000| Untracked 
| 476|0x000000009dc00000, 0x000000009dd00000, 0x000000009dd00000|100%| O|  |TAMS 0x000000009dd00000, 0x000000009dd00000| Untracked 
| 477|0x000000009dd00000, 0x000000009de00000, 0x000000009de00000|100%| O|  |TAMS 0x000000009de00000, 0x000000009de00000| Untracked 
| 478|0x000000009de00000, 0x000000009df00000, 0x000000009df00000|100%| O|  |TAMS 0x000000009df00000, 0x000000009df00000| Untracked 
| 479|0x000000009df00000, 0x000000009e000000, 0x000000009e000000|100%| O|  |TAMS 0x000000009df00000, 0x000000009e000000| Untracked 
| 480|0x000000009e000000, 0x000000009e100000, 0x000000009e100000|100%| O|  |TAMS 0x000000009e100000, 0x000000009e100000| Untracked 
| 481|0x000000009e100000, 0x000000009e200000, 0x000000009e200000|100%| O|  |TAMS 0x000000009e200000, 0x000000009e200000| Untracked 
| 482|0x000000009e200000, 0x000000009e300000, 0x000000009e300000|100%| O|  |TAMS 0x000000009e300000, 0x000000009e300000| Untracked 
| 483|0x000000009e300000, 0x000000009e400000, 0x000000009e400000|100%|HS|  |TAMS 0x000000009e400000, 0x000000009e400000| Complete 
| 484|0x000000009e400000, 0x000000009e500000, 0x000000009e500000|100%|HS|  |TAMS 0x000000009e500000, 0x000000009e500000| Complete 
| 485|0x000000009e500000, 0x000000009e600000, 0x000000009e600000|100%|HS|  |TAMS 0x000000009e600000, 0x000000009e600000| Complete 
| 486|0x000000009e600000, 0x000000009e700000, 0x000000009e700000|100%|HC|  |TAMS 0x000000009e700000, 0x000000009e700000| Complete 
| 487|0x000000009e700000, 0x000000009e800000, 0x000000009e800000|100%|HS|  |TAMS 0x000000009e800000, 0x000000009e800000| Complete 
| 488|0x000000009e800000, 0x000000009e900000, 0x000000009e900000|100%|HC|  |TAMS 0x000000009e900000, 0x000000009e900000| Complete 
| 489|0x000000009e900000, 0x000000009ea00000, 0x000000009ea00000|100%|HC|  |TAMS 0x000000009ea00000, 0x000000009ea00000| Complete 
| 490|0x000000009ea00000, 0x000000009eb00000, 0x000000009eb00000|100%|HS|  |TAMS 0x000000009eb00000, 0x000000009eb00000| Complete 
| 491|0x000000009eb00000, 0x000000009ec00000, 0x000000009ec00000|100%|HC|  |TAMS 0x000000009ec00000, 0x000000009ec00000| Complete 
| 492|0x000000009ec00000, 0x000000009ed00000, 0x000000009ed00000|100%|HC|  |TAMS 0x000000009ed00000, 0x000000009ed00000| Complete 
| 493|0x000000009ed00000, 0x000000009ee00000, 0x000000009ee00000|100%|HS|  |TAMS 0x000000009ee00000, 0x000000009ee00000| Complete 
| 494|0x000000009ee00000, 0x000000009ef00000, 0x000000009ef00000|100%|HS|  |TAMS 0x000000009ef00000, 0x000000009ef00000| Complete 
| 495|0x000000009ef00000, 0x000000009f000000, 0x000000009f000000|100%|HC|  |TAMS 0x000000009f000000, 0x000000009f000000| Complete 
| 496|0x000000009f000000, 0x000000009f100000, 0x000000009f100000|100%|HS|  |TAMS 0x000000009f100000, 0x000000009f100000| Complete 
| 497|0x000000009f100000, 0x000000009f200000, 0x000000009f200000|100%|HS|  |TAMS 0x000000009f200000, 0x000000009f200000| Complete 
| 498|0x000000009f200000, 0x000000009f300000, 0x000000009f300000|100%| O|  |TAMS 0x000000009f300000, 0x000000009f300000| Untracked 
| 499|0x000000009f300000, 0x000000009f400000, 0x000000009f400000|100%| O|  |TAMS 0x000000009f400000, 0x000000009f400000| Untracked 
| 500|0x000000009f400000, 0x000000009f500000, 0x000000009f500000|100%| O|  |TAMS 0x000000009f500000, 0x000000009f500000| Untracked 
| 501|0x000000009f500000, 0x000000009f600000, 0x000000009f600000|100%| O|  |TAMS 0x000000009f600000, 0x000000009f600000| Untracked 
| 502|0x000000009f600000, 0x000000009f700000, 0x000000009f700000|100%| O|  |TAMS 0x000000009f700000, 0x000000009f700000| Untracked 
| 503|0x000000009f700000, 0x000000009f800000, 0x000000009f800000|100%| O|  |TAMS 0x000000009f800000, 0x000000009f800000| Untracked 
| 504|0x000000009f800000, 0x000000009f900000, 0x000000009f900000|100%| O|  |TAMS 0x000000009f900000, 0x000000009f900000| Untracked 
| 505|0x000000009f900000, 0x000000009fa00000, 0x000000009fa00000|100%| O|  |TAMS 0x000000009f900000, 0x000000009fa00000| Untracked 
| 506|0x000000009fa00000, 0x000000009fb00000, 0x000000009fb00000|100%| O|  |TAMS 0x000000009fb00000, 0x000000009fb00000| Untracked 
| 507|0x000000009fb00000, 0x000000009fc00000, 0x000000009fc00000|100%|HS|  |TAMS 0x000000009fb00000, 0x000000009fc00000| Complete 
| 508|0x000000009fc00000, 0x000000009fd00000, 0x000000009fd00000|100%| O|  |TAMS 0x000000009fc00000, 0x000000009fd00000| Untracked 
| 509|0x000000009fd00000, 0x000000009fe00000, 0x000000009fe00000|100%| O|  |TAMS 0x000000009fd00000, 0x000000009fe00000| Untracked 
| 510|0x000000009fe00000, 0x000000009ff00000, 0x000000009ff00000|100%| O|  |TAMS 0x000000009fe00000, 0x000000009ff00000| Untracked 
| 511|0x000000009ff00000, 0x00000000a0000000, 0x00000000a0000000|100%| O|  |TAMS 0x00000000a0000000, 0x00000000a0000000| Untracked 
| 512|0x00000000a0000000, 0x00000000a0100000, 0x00000000a0100000|100%| O|  |TAMS 0x00000000a0100000, 0x00000000a0100000| Untracked 
| 513|0x00000000a0100000, 0x00000000a0200000, 0x00000000a0200000|100%|HS|  |TAMS 0x00000000a0200000, 0x00000000a0200000| Complete 
| 514|0x00000000a0200000, 0x00000000a0300000, 0x00000000a0300000|100%|HC|  |TAMS 0x00000000a0300000, 0x00000000a0300000| Complete 
| 515|0x00000000a0300000, 0x00000000a0400000, 0x00000000a0400000|100%|HC|  |TAMS 0x00000000a0400000, 0x00000000a0400000| Complete 
| 516|0x00000000a0400000, 0x00000000a0500000, 0x00000000a0500000|100%| O|  |TAMS 0x00000000a0500000, 0x00000000a0500000| Untracked 
| 517|0x00000000a0500000, 0x00000000a0600000, 0x00000000a0600000|100%| O|  |TAMS 0x00000000a0600000, 0x00000000a0600000| Untracked 
| 518|0x00000000a0600000, 0x00000000a0700000, 0x00000000a0700000|100%| O|  |TAMS 0x00000000a0700000, 0x00000000a0700000| Untracked 
| 519|0x00000000a0700000, 0x00000000a0800000, 0x00000000a0800000|100%|HS|  |TAMS 0x00000000a0800000, 0x00000000a0800000| Complete 
| 520|0x00000000a0800000, 0x00000000a0900000, 0x00000000a0900000|100%|HC|  |TAMS 0x00000000a0900000, 0x00000000a0900000| Complete 
| 521|0x00000000a0900000, 0x00000000a0a00000, 0x00000000a0a00000|100%| O|  |TAMS 0x00000000a0a00000, 0x00000000a0a00000| Untracked 
| 522|0x00000000a0a00000, 0x00000000a0b00000, 0x00000000a0b00000|100%|HS|  |TAMS 0x00000000a0b00000, 0x00000000a0b00000| Complete 
| 523|0x00000000a0b00000, 0x00000000a0c00000, 0x00000000a0c00000|100%| O|  |TAMS 0x00000000a0c00000, 0x00000000a0c00000| Untracked 
| 524|0x00000000a0c00000, 0x00000000a0d00000, 0x00000000a0d00000|100%|HS|  |TAMS 0x00000000a0d00000, 0x00000000a0d00000| Complete 
| 525|0x00000000a0d00000, 0x00000000a0e00000, 0x00000000a0e00000|100%| O|  |TAMS 0x00000000a0e00000, 0x00000000a0e00000| Untracked 
| 526|0x00000000a0e00000, 0x00000000a0f00000, 0x00000000a0f00000|100%| O|  |TAMS 0x00000000a0f00000, 0x00000000a0f00000| Untracked 
| 527|0x00000000a0f00000, 0x00000000a1000000, 0x00000000a1000000|100%| O|  |TAMS 0x00000000a1000000, 0x00000000a1000000| Untracked 
| 528|0x00000000a1000000, 0x00000000a1100000, 0x00000000a1100000|100%| O|  |TAMS 0x00000000a1100000, 0x00000000a1100000| Untracked 
| 529|0x00000000a1100000, 0x00000000a1200000, 0x00000000a1200000|100%| O|  |TAMS 0x00000000a1200000, 0x00000000a1200000| Untracked 
| 530|0x00000000a1200000, 0x00000000a1300000, 0x00000000a1300000|100%|HS|  |TAMS 0x00000000a1300000, 0x00000000a1300000| Complete 
| 531|0x00000000a1300000, 0x00000000a1400000, 0x00000000a1400000|100%|HC|  |TAMS 0x00000000a1400000, 0x00000000a1400000| Complete 
| 532|0x00000000a1400000, 0x00000000a1500000, 0x00000000a1500000|100%| O|  |TAMS 0x00000000a1500000, 0x00000000a1500000| Untracked 
| 533|0x00000000a1500000, 0x00000000a1600000, 0x00000000a1600000|100%| O|  |TAMS 0x00000000a1600000, 0x00000000a1600000| Untracked 
| 534|0x00000000a1600000, 0x00000000a1700000, 0x00000000a1700000|100%| O|  |TAMS 0x00000000a1700000, 0x00000000a1700000| Untracked 
| 535|0x00000000a1700000, 0x00000000a1800000, 0x00000000a1800000|100%| O|  |TAMS 0x00000000a1800000, 0x00000000a1800000| Untracked 
| 536|0x00000000a1800000, 0x00000000a1900000, 0x00000000a1900000|100%| O|  |TAMS 0x00000000a1900000, 0x00000000a1900000| Untracked 
| 537|0x00000000a1900000, 0x00000000a1a00000, 0x00000000a1a00000|100%|HS|  |TAMS 0x00000000a1a00000, 0x00000000a1a00000| Complete 
| 538|0x00000000a1a00000, 0x00000000a1b00000, 0x00000000a1b00000|100%|HC|  |TAMS 0x00000000a1b00000, 0x00000000a1b00000| Complete 
| 539|0x00000000a1b00000, 0x00000000a1c00000, 0x00000000a1c00000|100%|HC|  |TAMS 0x00000000a1c00000, 0x00000000a1c00000| Complete 
| 540|0x00000000a1c00000, 0x00000000a1d00000, 0x00000000a1d00000|100%| O|  |TAMS 0x00000000a1d00000, 0x00000000a1d00000| Untracked 
| 541|0x00000000a1d00000, 0x00000000a1e00000, 0x00000000a1e00000|100%| O|  |TAMS 0x00000000a1e00000, 0x00000000a1e00000| Untracked 
| 542|0x00000000a1e00000, 0x00000000a1f00000, 0x00000000a1f00000|100%| O|  |TAMS 0x00000000a1f00000, 0x00000000a1f00000| Untracked 
| 543|0x00000000a1f00000, 0x00000000a2000000, 0x00000000a2000000|100%|HS|  |TAMS 0x00000000a2000000, 0x00000000a2000000| Complete 
| 544|0x00000000a2000000, 0x00000000a2100000, 0x00000000a2100000|100%|HC|  |TAMS 0x00000000a2100000, 0x00000000a2100000| Complete 
| 545|0x00000000a2100000, 0x00000000a2200000, 0x00000000a2200000|100%| O|  |TAMS 0x00000000a2200000, 0x00000000a2200000| Untracked 
| 546|0x00000000a2200000, 0x00000000a2300000, 0x00000000a2300000|100%|HS|  |TAMS 0x00000000a2300000, 0x00000000a2300000| Complete 
| 547|0x00000000a2300000, 0x00000000a2400000, 0x00000000a2400000|100%| O|  |TAMS 0x00000000a2400000, 0x00000000a2400000| Untracked 
| 548|0x00000000a2400000, 0x00000000a2500000, 0x00000000a2500000|100%| O|  |TAMS 0x00000000a2500000, 0x00000000a2500000| Untracked 
| 549|0x00000000a2500000, 0x00000000a2600000, 0x00000000a2600000|100%| O|  |TAMS 0x00000000a2600000, 0x00000000a2600000| Untracked 
| 550|0x00000000a2600000, 0x00000000a2700000, 0x00000000a2700000|100%|HS|  |TAMS 0x00000000a2700000, 0x00000000a2700000| Complete 
| 551|0x00000000a2700000, 0x00000000a2800000, 0x00000000a2800000|100%|HC|  |TAMS 0x00000000a2800000, 0x00000000a2800000| Complete 
| 552|0x00000000a2800000, 0x00000000a2900000, 0x00000000a2900000|100%| O|  |TAMS 0x00000000a2900000, 0x00000000a2900000| Untracked 
| 553|0x00000000a2900000, 0x00000000a2a00000, 0x00000000a2a00000|100%| O|  |TAMS 0x00000000a2a00000, 0x00000000a2a00000| Untracked 
| 554|0x00000000a2a00000, 0x00000000a2b00000, 0x00000000a2b00000|100%| O|  |TAMS 0x00000000a2b00000, 0x00000000a2b00000| Untracked 
| 555|0x00000000a2b00000, 0x00000000a2c00000, 0x00000000a2c00000|100%|HS|  |TAMS 0x00000000a2c00000, 0x00000000a2c00000| Complete 
| 556|0x00000000a2c00000, 0x00000000a2d00000, 0x00000000a2d00000|100%|HC|  |TAMS 0x00000000a2d00000, 0x00000000a2d00000| Complete 
| 557|0x00000000a2d00000, 0x00000000a2e00000, 0x00000000a2e00000|100%| O|  |TAMS 0x00000000a2e00000, 0x00000000a2e00000| Untracked 
| 558|0x00000000a2e00000, 0x00000000a2f00000, 0x00000000a2f00000|100%|HS|  |TAMS 0x00000000a2f00000, 0x00000000a2f00000| Complete 
| 559|0x00000000a2f00000, 0x00000000a3000000, 0x00000000a3000000|100%| O|  |TAMS 0x00000000a3000000, 0x00000000a3000000| Untracked 
| 560|0x00000000a3000000, 0x00000000a3100000, 0x00000000a3100000|100%|HS|  |TAMS 0x00000000a3100000, 0x00000000a3100000| Complete 
| 561|0x00000000a3100000, 0x00000000a3200000, 0x00000000a3200000|100%| O|  |TAMS 0x00000000a3200000, 0x00000000a3200000| Untracked 
| 562|0x00000000a3200000, 0x00000000a3300000, 0x00000000a3300000|100%| O|  |TAMS 0x00000000a3300000, 0x00000000a3300000| Untracked 
| 563|0x00000000a3300000, 0x00000000a3400000, 0x00000000a3400000|100%| O|  |TAMS 0x00000000a3400000, 0x00000000a3400000| Untracked 
| 564|0x00000000a3400000, 0x00000000a3500000, 0x00000000a3500000|100%|HS|  |TAMS 0x00000000a3500000, 0x00000000a3500000| Complete 
| 565|0x00000000a3500000, 0x00000000a3600000, 0x00000000a3600000|100%|HC|  |TAMS 0x00000000a3600000, 0x00000000a3600000| Complete 
| 566|0x00000000a3600000, 0x00000000a3700000, 0x00000000a3700000|100%|HS|  |TAMS 0x00000000a3700000, 0x00000000a3700000| Complete 
| 567|0x00000000a3700000, 0x00000000a3800000, 0x00000000a3800000|100%|HC|  |TAMS 0x00000000a3800000, 0x00000000a3800000| Complete 
| 568|0x00000000a3800000, 0x00000000a3900000, 0x00000000a3900000|100%|HC|  |TAMS 0x00000000a3900000, 0x00000000a3900000| Complete 
| 569|0x00000000a3900000, 0x00000000a3a00000, 0x00000000a3a00000|100%| O|  |TAMS 0x00000000a3a00000, 0x00000000a3a00000| Untracked 
| 570|0x00000000a3a00000, 0x00000000a3b00000, 0x00000000a3b00000|100%| O|  |TAMS 0x00000000a3b00000, 0x00000000a3b00000| Untracked 
| 571|0x00000000a3b00000, 0x00000000a3c00000, 0x00000000a3c00000|100%| O|  |TAMS 0x00000000a3c00000, 0x00000000a3c00000| Untracked 
| 572|0x00000000a3c00000, 0x00000000a3d00000, 0x00000000a3d00000|100%|HS|  |TAMS 0x00000000a3d00000, 0x00000000a3d00000| Complete 
| 573|0x00000000a3d00000, 0x00000000a3e00000, 0x00000000a3e00000|100%|HC|  |TAMS 0x00000000a3e00000, 0x00000000a3e00000| Complete 
| 574|0x00000000a3e00000, 0x00000000a3f00000, 0x00000000a3f00000|100%|HC|  |TAMS 0x00000000a3f00000, 0x00000000a3f00000| Complete 
| 575|0x00000000a3f00000, 0x00000000a4000000, 0x00000000a4000000|100%| O|  |TAMS 0x00000000a4000000, 0x00000000a4000000| Untracked 
| 576|0x00000000a4000000, 0x00000000a4100000, 0x00000000a4100000|100%| O|  |TAMS 0x00000000a4100000, 0x00000000a4100000| Untracked 
| 577|0x00000000a4100000, 0x00000000a4200000, 0x00000000a4200000|100%| O|  |TAMS 0x00000000a4200000, 0x00000000a4200000| Untracked 
| 578|0x00000000a4200000, 0x00000000a4300000, 0x00000000a4300000|100%| O|  |TAMS 0x00000000a4300000, 0x00000000a4300000| Untracked 
| 579|0x00000000a4300000, 0x00000000a4400000, 0x00000000a4400000|100%| O|  |TAMS 0x00000000a4400000, 0x00000000a4400000| Untracked 
| 580|0x00000000a4400000, 0x00000000a4500000, 0x00000000a4500000|100%| O|  |TAMS 0x00000000a4500000, 0x00000000a4500000| Untracked 
| 581|0x00000000a4500000, 0x00000000a4600000, 0x00000000a4600000|100%|HS|  |TAMS 0x00000000a4600000, 0x00000000a4600000| Complete 
| 582|0x00000000a4600000, 0x00000000a4700000, 0x00000000a4700000|100%|HC|  |TAMS 0x00000000a4700000, 0x00000000a4700000| Complete 
| 583|0x00000000a4700000, 0x00000000a4800000, 0x00000000a4800000|100%|HC|  |TAMS 0x00000000a4800000, 0x00000000a4800000| Complete 
| 584|0x00000000a4800000, 0x00000000a4900000, 0x00000000a4900000|100%| O|  |TAMS 0x00000000a4900000, 0x00000000a4900000| Untracked 
| 585|0x00000000a4900000, 0x00000000a4a00000, 0x00000000a4a00000|100%|HS|  |TAMS 0x00000000a4a00000, 0x00000000a4a00000| Complete 
| 586|0x00000000a4a00000, 0x00000000a4b00000, 0x00000000a4b00000|100%| O|  |TAMS 0x00000000a4b00000, 0x00000000a4b00000| Untracked 
| 587|0x00000000a4b00000, 0x00000000a4c00000, 0x00000000a4c00000|100%|HS|  |TAMS 0x00000000a4b00000, 0x00000000a4c00000| Complete 
| 588|0x00000000a4c00000, 0x00000000a4d00000, 0x00000000a4d00000|100%|HC|  |TAMS 0x00000000a4c00000, 0x00000000a4d00000| Complete 
| 589|0x00000000a4d00000, 0x00000000a4e00000, 0x00000000a4e00000|100%|HS|  |TAMS 0x00000000a4e00000, 0x00000000a4e00000| Complete 
| 590|0x00000000a4e00000, 0x00000000a4f00000, 0x00000000a4f00000|100%|HC|  |TAMS 0x00000000a4f00000, 0x00000000a4f00000| Complete 
| 591|0x00000000a4f00000, 0x00000000a5000000, 0x00000000a5000000|100%| O|  |TAMS 0x00000000a5000000, 0x00000000a5000000| Untracked 
| 592|0x00000000a5000000, 0x00000000a5100000, 0x00000000a5100000|100%|HS|  |TAMS 0x00000000a5100000, 0x00000000a5100000| Complete 
| 593|0x00000000a5100000, 0x00000000a5200000, 0x00000000a5200000|100%| O|  |TAMS 0x00000000a5200000, 0x00000000a5200000| Untracked 
| 594|0x00000000a5200000, 0x00000000a5300000, 0x00000000a5300000|100%|HS|  |TAMS 0x00000000a5300000, 0x00000000a5300000| Complete 
| 595|0x00000000a5300000, 0x00000000a5400000, 0x00000000a5400000|100%| O|  |TAMS 0x00000000a5300000, 0x00000000a5400000| Untracked 
| 596|0x00000000a5400000, 0x00000000a5500000, 0x00000000a5500000|100%| O|  |TAMS 0x00000000a5400000, 0x00000000a5500000| Untracked 
| 597|0x00000000a5500000, 0x00000000a5600000, 0x00000000a5600000|100%| O|  |TAMS 0x00000000a5600000, 0x00000000a5600000| Untracked 
| 598|0x00000000a5600000, 0x00000000a5700000, 0x00000000a5700000|100%| O|  |TAMS 0x00000000a5700000, 0x00000000a5700000| Untracked 
| 599|0x00000000a5700000, 0x00000000a5800000, 0x00000000a5800000|100%| O|  |TAMS 0x00000000a5800000, 0x00000000a5800000| Untracked 
| 600|0x00000000a5800000, 0x00000000a5900000, 0x00000000a5900000|100%| O|  |TAMS 0x00000000a5900000, 0x00000000a5900000| Untracked 
| 601|0x00000000a5900000, 0x00000000a5a00000, 0x00000000a5a00000|100%| O|  |TAMS 0x00000000a5a00000, 0x00000000a5a00000| Untracked 
| 602|0x00000000a5a00000, 0x00000000a5b00000, 0x00000000a5b00000|100%| O|  |TAMS 0x00000000a5b00000, 0x00000000a5b00000| Untracked 
| 603|0x00000000a5b00000, 0x00000000a5c00000, 0x00000000a5c00000|100%| O|  |TAMS 0x00000000a5c00000, 0x00000000a5c00000| Untracked 
| 604|0x00000000a5c00000, 0x00000000a5d00000, 0x00000000a5d00000|100%| O|  |TAMS 0x00000000a5d00000, 0x00000000a5d00000| Untracked 
| 605|0x00000000a5d00000, 0x00000000a5e00000, 0x00000000a5e00000|100%| O|  |TAMS 0x00000000a5e00000, 0x00000000a5e00000| Untracked 
| 606|0x00000000a5e00000, 0x00000000a5f00000, 0x00000000a5f00000|100%| O|  |TAMS 0x00000000a5f00000, 0x00000000a5f00000| Untracked 
| 607|0x00000000a5f00000, 0x00000000a6000000, 0x00000000a6000000|100%| O|  |TAMS 0x00000000a6000000, 0x00000000a6000000| Untracked 
| 608|0x00000000a6000000, 0x00000000a6100000, 0x00000000a6100000|100%| O|  |TAMS 0x00000000a6100000, 0x00000000a6100000| Untracked 
| 609|0x00000000a6100000, 0x00000000a6200000, 0x00000000a6200000|100%| O|  |TAMS 0x00000000a6200000, 0x00000000a6200000| Untracked 
| 610|0x00000000a6200000, 0x00000000a6300000, 0x00000000a6300000|100%| O|  |TAMS 0x00000000a6300000, 0x00000000a6300000| Untracked 
| 611|0x00000000a6300000, 0x00000000a6400000, 0x00000000a6400000|100%| O|  |TAMS 0x00000000a6400000, 0x00000000a6400000| Untracked 
| 612|0x00000000a6400000, 0x00000000a6500000, 0x00000000a6500000|100%| O|  |TAMS 0x00000000a6500000, 0x00000000a6500000| Untracked 
| 613|0x00000000a6500000, 0x00000000a6600000, 0x00000000a6600000|100%| O|  |TAMS 0x00000000a6600000, 0x00000000a6600000| Untracked 
| 614|0x00000000a6600000, 0x00000000a6700000, 0x00000000a6700000|100%| O|  |TAMS 0x00000000a6700000, 0x00000000a6700000| Untracked 
| 615|0x00000000a6700000, 0x00000000a6800000, 0x00000000a6800000|100%| O|  |TAMS 0x00000000a6800000, 0x00000000a6800000| Untracked 
| 616|0x00000000a6800000, 0x00000000a6900000, 0x00000000a6900000|100%| O|  |TAMS 0x00000000a6900000, 0x00000000a6900000| Untracked 
| 617|0x00000000a6900000, 0x00000000a6a00000, 0x00000000a6a00000|100%| O|  |TAMS 0x00000000a6a00000, 0x00000000a6a00000| Untracked 
| 618|0x00000000a6a00000, 0x00000000a6b00000, 0x00000000a6b00000|100%| O|  |TAMS 0x00000000a6b00000, 0x00000000a6b00000| Untracked 
| 619|0x00000000a6b00000, 0x00000000a6c00000, 0x00000000a6c00000|100%| O|  |TAMS 0x00000000a6c00000, 0x00000000a6c00000| Untracked 
| 620|0x00000000a6c00000, 0x00000000a6d00000, 0x00000000a6d00000|100%| O|  |TAMS 0x00000000a6d00000, 0x00000000a6d00000| Untracked 
| 621|0x00000000a6d00000, 0x00000000a6e00000, 0x00000000a6e00000|100%| O|  |TAMS 0x00000000a6e00000, 0x00000000a6e00000| Untracked 
| 622|0x00000000a6e00000, 0x00000000a6f00000, 0x00000000a6f00000|100%| O|  |TAMS 0x00000000a6f00000, 0x00000000a6f00000| Untracked 
| 623|0x00000000a6f00000, 0x00000000a7000000, 0x00000000a7000000|100%| O|  |TAMS 0x00000000a7000000, 0x00000000a7000000| Untracked 
| 624|0x00000000a7000000, 0x00000000a7100000, 0x00000000a7100000|100%| O|  |TAMS 0x00000000a7100000, 0x00000000a7100000| Untracked 
| 625|0x00000000a7100000, 0x00000000a7200000, 0x00000000a7200000|100%| O|  |TAMS 0x00000000a7200000, 0x00000000a7200000| Untracked 
| 626|0x00000000a7200000, 0x00000000a7300000, 0x00000000a7300000|100%| O|  |TAMS 0x00000000a7300000, 0x00000000a7300000| Untracked 
| 627|0x00000000a7300000, 0x00000000a7400000, 0x00000000a7400000|100%| O|  |TAMS 0x00000000a7400000, 0x00000000a7400000| Untracked 
| 628|0x00000000a7400000, 0x00000000a7500000, 0x00000000a7500000|100%| O|  |TAMS 0x00000000a7500000, 0x00000000a7500000| Untracked 
| 629|0x00000000a7500000, 0x00000000a7600000, 0x00000000a7600000|100%| O|  |TAMS 0x00000000a7600000, 0x00000000a7600000| Untracked 
| 630|0x00000000a7600000, 0x00000000a7700000, 0x00000000a7700000|100%| O|  |TAMS 0x00000000a7700000, 0x00000000a7700000| Untracked 
| 631|0x00000000a7700000, 0x00000000a7800000, 0x00000000a7800000|100%| O|  |TAMS 0x00000000a7800000, 0x00000000a7800000| Untracked 
| 632|0x00000000a7800000, 0x00000000a7900000, 0x00000000a7900000|100%| O|  |TAMS 0x00000000a7900000, 0x00000000a7900000| Untracked 
| 633|0x00000000a7900000, 0x00000000a7a00000, 0x00000000a7a00000|100%| O|  |TAMS 0x00000000a7a00000, 0x00000000a7a00000| Untracked 
| 634|0x00000000a7a00000, 0x00000000a7b00000, 0x00000000a7b00000|100%| O|  |TAMS 0x00000000a7b00000, 0x00000000a7b00000| Untracked 
| 635|0x00000000a7b00000, 0x00000000a7c00000, 0x00000000a7c00000|100%| O|  |TAMS 0x00000000a7c00000, 0x00000000a7c00000| Untracked 
| 636|0x00000000a7c00000, 0x00000000a7d00000, 0x00000000a7d00000|100%| O|  |TAMS 0x00000000a7d00000, 0x00000000a7d00000| Untracked 
| 637|0x00000000a7d00000, 0x00000000a7e00000, 0x00000000a7e00000|100%| O|  |TAMS 0x00000000a7e00000, 0x00000000a7e00000| Untracked 
| 638|0x00000000a7e00000, 0x00000000a7f00000, 0x00000000a7f00000|100%| O|  |TAMS 0x00000000a7f00000, 0x00000000a7f00000| Untracked 
| 639|0x00000000a7f00000, 0x00000000a8000000, 0x00000000a8000000|100%| O|  |TAMS 0x00000000a8000000, 0x00000000a8000000| Untracked 
| 640|0x00000000a8000000, 0x00000000a8100000, 0x00000000a8100000|100%| O|  |TAMS 0x00000000a8100000, 0x00000000a8100000| Untracked 
| 641|0x00000000a8100000, 0x00000000a8200000, 0x00000000a8200000|100%| O|  |TAMS 0x00000000a8200000, 0x00000000a8200000| Untracked 
| 642|0x00000000a8200000, 0x00000000a8300000, 0x00000000a8300000|100%| O|  |TAMS 0x00000000a8300000, 0x00000000a8300000| Untracked 
| 643|0x00000000a8300000, 0x00000000a8400000, 0x00000000a8400000|100%| O|  |TAMS 0x00000000a8400000, 0x00000000a8400000| Untracked 
| 644|0x00000000a8400000, 0x00000000a8500000, 0x00000000a8500000|100%| O|  |TAMS 0x00000000a8500000, 0x00000000a8500000| Untracked 
| 645|0x00000000a8500000, 0x00000000a8600000, 0x00000000a8600000|100%| O|  |TAMS 0x00000000a8600000, 0x00000000a8600000| Untracked 
| 646|0x00000000a8600000, 0x00000000a8700000, 0x00000000a8700000|100%| O|  |TAMS 0x00000000a8700000, 0x00000000a8700000| Untracked 
| 647|0x00000000a8700000, 0x00000000a8800000, 0x00000000a8800000|100%| O|  |TAMS 0x00000000a8800000, 0x00000000a8800000| Untracked 
| 648|0x00000000a8800000, 0x00000000a8900000, 0x00000000a8900000|100%| O|  |TAMS 0x00000000a8900000, 0x00000000a8900000| Untracked 
| 649|0x00000000a8900000, 0x00000000a8a00000, 0x00000000a8a00000|100%| O|  |TAMS 0x00000000a8a00000, 0x00000000a8a00000| Untracked 
| 650|0x00000000a8a00000, 0x00000000a8b00000, 0x00000000a8b00000|100%| O|  |TAMS 0x00000000a8b00000, 0x00000000a8b00000| Untracked 
| 651|0x00000000a8b00000, 0x00000000a8c00000, 0x00000000a8c00000|100%| O|  |TAMS 0x00000000a8c00000, 0x00000000a8c00000| Untracked 
| 652|0x00000000a8c00000, 0x00000000a8d00000, 0x00000000a8d00000|100%| O|  |TAMS 0x00000000a8d00000, 0x00000000a8d00000| Untracked 
| 653|0x00000000a8d00000, 0x00000000a8e00000, 0x00000000a8e00000|100%| O|  |TAMS 0x00000000a8e00000, 0x00000000a8e00000| Untracked 
| 654|0x00000000a8e00000, 0x00000000a8f00000, 0x00000000a8f00000|100%| O|  |TAMS 0x00000000a8f00000, 0x00000000a8f00000| Untracked 
| 655|0x00000000a8f00000, 0x00000000a9000000, 0x00000000a9000000|100%| O|  |TAMS 0x00000000a9000000, 0x00000000a9000000| Untracked 
| 656|0x00000000a9000000, 0x00000000a9100000, 0x00000000a9100000|100%| O|  |TAMS 0x00000000a9100000, 0x00000000a9100000| Untracked 
| 657|0x00000000a9100000, 0x00000000a9200000, 0x00000000a9200000|100%| O|  |TAMS 0x00000000a9200000, 0x00000000a9200000| Untracked 
| 658|0x00000000a9200000, 0x00000000a9300000, 0x00000000a9300000|100%| O|  |TAMS 0x00000000a9300000, 0x00000000a9300000| Untracked 
| 659|0x00000000a9300000, 0x00000000a9400000, 0x00000000a9400000|100%| O|  |TAMS 0x00000000a9300000, 0x00000000a9400000| Untracked 
| 660|0x00000000a9400000, 0x00000000a9500000, 0x00000000a9500000|100%| O|  |TAMS 0x00000000a9480000, 0x00000000a9500000| Untracked 
| 661|0x00000000a9500000, 0x00000000a9600000, 0x00000000a9600000|100%| O|  |TAMS 0x00000000a9500000, 0x00000000a9600000| Untracked 
| 662|0x00000000a9600000, 0x00000000a9700000, 0x00000000a9700000|100%| O|  |TAMS 0x00000000a9600000, 0x00000000a9700000| Untracked 
| 663|0x00000000a9700000, 0x00000000a9800000, 0x00000000a9800000|100%| O|  |TAMS 0x00000000a9700000, 0x00000000a9800000| Untracked 
| 664|0x00000000a9800000, 0x00000000a9900000, 0x00000000a9900000|100%| O|  |TAMS 0x00000000a9800000, 0x00000000a9900000| Untracked 
| 665|0x00000000a9900000, 0x00000000a9a00000, 0x00000000a9a00000|100%| O|  |TAMS 0x00000000a9900000, 0x00000000a9a00000| Untracked 
| 666|0x00000000a9a00000, 0x00000000a9b00000, 0x00000000a9b00000|100%| O|  |TAMS 0x00000000a9a00000, 0x00000000a9b00000| Untracked 
| 667|0x00000000a9b00000, 0x00000000a9c00000, 0x00000000a9c00000|100%| O|  |TAMS 0x00000000a9b00000, 0x00000000a9c00000| Untracked 
| 668|0x00000000a9c00000, 0x00000000a9d00000, 0x00000000a9d00000|100%| O|  |TAMS 0x00000000a9c00000, 0x00000000a9d00000| Untracked 
| 669|0x00000000a9d00000, 0x00000000a9e00000, 0x00000000a9e00000|100%| O|  |TAMS 0x00000000a9d00000, 0x00000000a9e00000| Untracked 
| 670|0x00000000a9e00000, 0x00000000a9f00000, 0x00000000a9f00000|100%| O|  |TAMS 0x00000000a9e00000, 0x00000000a9f00000| Untracked 
| 671|0x00000000a9f00000, 0x00000000aa000000, 0x00000000aa000000|100%| O|  |TAMS 0x00000000a9f00000, 0x00000000aa000000| Untracked 
| 672|0x00000000aa000000, 0x00000000aa100000, 0x00000000aa100000|100%| O|  |TAMS 0x00000000aa000000, 0x00000000aa100000| Untracked 
| 673|0x00000000aa100000, 0x00000000aa200000, 0x00000000aa200000|100%| O|  |TAMS 0x00000000aa100000, 0x00000000aa200000| Untracked 
| 674|0x00000000aa200000, 0x00000000aa300000, 0x00000000aa300000|100%| O|  |TAMS 0x00000000aa200000, 0x00000000aa300000| Untracked 
| 675|0x00000000aa300000, 0x00000000aa400000, 0x00000000aa400000|100%| O|  |TAMS 0x00000000aa300000, 0x00000000aa400000| Untracked 
| 676|0x00000000aa400000, 0x00000000aa500000, 0x00000000aa500000|100%| O|  |TAMS 0x00000000aa400000, 0x00000000aa500000| Untracked 
| 677|0x00000000aa500000, 0x00000000aa600000, 0x00000000aa600000|100%| O|  |TAMS 0x00000000aa500000, 0x00000000aa600000| Untracked 
| 678|0x00000000aa600000, 0x00000000aa700000, 0x00000000aa700000|100%| O|  |TAMS 0x00000000aa600000, 0x00000000aa700000| Untracked 
| 679|0x00000000aa700000, 0x00000000aa800000, 0x00000000aa800000|100%| O|  |TAMS 0x00000000aa700000, 0x00000000aa800000| Untracked 
| 680|0x00000000aa800000, 0x00000000aa900000, 0x00000000aa900000|100%| O|  |TAMS 0x00000000aa800000, 0x00000000aa900000| Untracked 
| 681|0x00000000aa900000, 0x00000000aaa00000, 0x00000000aaa00000|100%| O|  |TAMS 0x00000000aa900000, 0x00000000aaa00000| Untracked 
| 682|0x00000000aaa00000, 0x00000000aab00000, 0x00000000aab00000|100%| O|  |TAMS 0x00000000aaa00000, 0x00000000aab00000| Untracked 
| 683|0x00000000aab00000, 0x00000000aac00000, 0x00000000aac00000|100%| O|  |TAMS 0x00000000aab00000, 0x00000000aac00000| Untracked 
| 684|0x00000000aac00000, 0x00000000aad00000, 0x00000000aad00000|100%| O|  |TAMS 0x00000000aac00000, 0x00000000aad00000| Untracked 
| 685|0x00000000aad00000, 0x00000000aae00000, 0x00000000aae00000|100%| O|  |TAMS 0x00000000aad00000, 0x00000000aae00000| Untracked 
| 686|0x00000000aae00000, 0x00000000aaf00000, 0x00000000aaf00000|100%| O|  |TAMS 0x00000000aae00000, 0x00000000aaf00000| Untracked 
| 687|0x00000000aaf00000, 0x00000000ab000000, 0x00000000ab000000|100%| O|  |TAMS 0x00000000aaf00000, 0x00000000ab000000| Untracked 
| 688|0x00000000ab000000, 0x00000000ab100000, 0x00000000ab100000|100%| O|  |TAMS 0x00000000ab000000, 0x00000000ab100000| Untracked 
| 689|0x00000000ab100000, 0x00000000ab200000, 0x00000000ab200000|100%| O|  |TAMS 0x00000000ab100000, 0x00000000ab200000| Untracked 
| 690|0x00000000ab200000, 0x00000000ab300000, 0x00000000ab300000|100%| O|  |TAMS 0x00000000ab200000, 0x00000000ab300000| Untracked 
| 691|0x00000000ab300000, 0x00000000ab400000, 0x00000000ab400000|100%| O|  |TAMS 0x00000000ab300000, 0x00000000ab400000| Untracked 
| 692|0x00000000ab400000, 0x00000000ab500000, 0x00000000ab500000|100%| O|  |TAMS 0x00000000ab400000, 0x00000000ab500000| Untracked 
| 693|0x00000000ab500000, 0x00000000ab600000, 0x00000000ab600000|100%| O|  |TAMS 0x00000000ab500000, 0x00000000ab600000| Untracked 
| 694|0x00000000ab600000, 0x00000000ab700000, 0x00000000ab700000|100%| O|  |TAMS 0x00000000ab600000, 0x00000000ab700000| Untracked 
| 695|0x00000000ab700000, 0x00000000ab800000, 0x00000000ab800000|100%| O|  |TAMS 0x00000000ab700000, 0x00000000ab800000| Untracked 
| 696|0x00000000ab800000, 0x00000000ab900000, 0x00000000ab900000|100%| O|  |TAMS 0x00000000ab800000, 0x00000000ab900000| Untracked 
| 697|0x00000000ab900000, 0x00000000aba00000, 0x00000000aba00000|100%| O|  |TAMS 0x00000000ab900000, 0x00000000aba00000| Untracked 
| 698|0x00000000aba00000, 0x00000000abb00000, 0x00000000abb00000|100%| O|  |TAMS 0x00000000aba00000, 0x00000000abb00000| Untracked 
| 699|0x00000000abb00000, 0x00000000abc00000, 0x00000000abc00000|100%| O|  |TAMS 0x00000000abb00000, 0x00000000abc00000| Untracked 
| 700|0x00000000abc00000, 0x00000000abd00000, 0x00000000abd00000|100%| O|  |TAMS 0x00000000abc00000, 0x00000000abd00000| Untracked 
| 701|0x00000000abd00000, 0x00000000abe00000, 0x00000000abe00000|100%| O|  |TAMS 0x00000000abd00000, 0x00000000abe00000| Untracked 
| 702|0x00000000abe00000, 0x00000000abf00000, 0x00000000abf00000|100%| O|  |TAMS 0x00000000abe00000, 0x00000000abf00000| Untracked 
| 703|0x00000000abf00000, 0x00000000ac000000, 0x00000000ac000000|100%| O|  |TAMS 0x00000000abf00000, 0x00000000ac000000| Untracked 
| 704|0x00000000ac000000, 0x00000000ac100000, 0x00000000ac100000|100%| O|  |TAMS 0x00000000ac000000, 0x00000000ac100000| Untracked 
| 705|0x00000000ac100000, 0x00000000ac200000, 0x00000000ac200000|100%| O|  |TAMS 0x00000000ac100000, 0x00000000ac200000| Untracked 
| 706|0x00000000ac200000, 0x00000000ac300000, 0x00000000ac300000|100%| O|  |TAMS 0x00000000ac200000, 0x00000000ac300000| Untracked 
| 707|0x00000000ac300000, 0x00000000ac400000, 0x00000000ac400000|100%| O|  |TAMS 0x00000000ac300000, 0x00000000ac400000| Untracked 
| 708|0x00000000ac400000, 0x00000000ac500000, 0x00000000ac500000|100%| O|  |TAMS 0x00000000ac400000, 0x00000000ac500000| Untracked 
| 709|0x00000000ac500000, 0x00000000ac600000, 0x00000000ac600000|100%| O|  |TAMS 0x00000000ac500000, 0x00000000ac600000| Untracked 
| 710|0x00000000ac600000, 0x00000000ac700000, 0x00000000ac700000|100%| O|  |TAMS 0x00000000ac600000, 0x00000000ac700000| Untracked 
| 711|0x00000000ac700000, 0x00000000ac800000, 0x00000000ac800000|100%| O|  |TAMS 0x00000000ac700000, 0x00000000ac800000| Untracked 
| 712|0x00000000ac800000, 0x00000000ac900000, 0x00000000ac900000|100%| O|  |TAMS 0x00000000ac800000, 0x00000000ac900000| Untracked 
| 713|0x00000000ac900000, 0x00000000aca00000, 0x00000000aca00000|100%| O|  |TAMS 0x00000000ac900000, 0x00000000aca00000| Untracked 
| 714|0x00000000aca00000, 0x00000000acb00000, 0x00000000acb00000|100%| O|  |TAMS 0x00000000aca00000, 0x00000000acb00000| Untracked 
| 715|0x00000000acb00000, 0x00000000acc00000, 0x00000000acc00000|100%| O|  |TAMS 0x00000000acb00000, 0x00000000acc00000| Untracked 
| 716|0x00000000acc00000, 0x00000000acd00000, 0x00000000acd00000|100%| O|  |TAMS 0x00000000acc00000, 0x00000000acd00000| Untracked 
| 717|0x00000000acd00000, 0x00000000ace00000, 0x00000000ace00000|100%| O|  |TAMS 0x00000000acd00000, 0x00000000ace00000| Untracked 
| 718|0x00000000ace00000, 0x00000000acf00000, 0x00000000acf00000|100%| O|  |TAMS 0x00000000ace00000, 0x00000000acf00000| Untracked 
| 719|0x00000000acf00000, 0x00000000ad000000, 0x00000000ad000000|100%| O|  |TAMS 0x00000000acf00000, 0x00000000ad000000| Untracked 
| 720|0x00000000ad000000, 0x00000000ad100000, 0x00000000ad100000|100%| O|  |TAMS 0x00000000ad000000, 0x00000000ad100000| Untracked 
| 721|0x00000000ad100000, 0x00000000ad200000, 0x00000000ad200000|100%| O|  |TAMS 0x00000000ad100000, 0x00000000ad200000| Untracked 
| 722|0x00000000ad200000, 0x00000000ad300000, 0x00000000ad300000|100%| O|  |TAMS 0x00000000ad200000, 0x00000000ad300000| Untracked 
| 723|0x00000000ad300000, 0x00000000ad400000, 0x00000000ad400000|100%| O|  |TAMS 0x00000000ad300000, 0x00000000ad400000| Untracked 
| 724|0x00000000ad400000, 0x00000000ad500000, 0x00000000ad500000|100%| O|  |TAMS 0x00000000ad400000, 0x00000000ad500000| Untracked 
| 725|0x00000000ad500000, 0x00000000ad600000, 0x00000000ad600000|100%| O|  |TAMS 0x00000000ad500000, 0x00000000ad600000| Untracked 
| 726|0x00000000ad600000, 0x00000000ad700000, 0x00000000ad700000|100%| O|  |TAMS 0x00000000ad600000, 0x00000000ad700000| Untracked 
| 727|0x00000000ad700000, 0x00000000ad800000, 0x00000000ad800000|100%| O|  |TAMS 0x00000000ad700000, 0x00000000ad800000| Untracked 
| 728|0x00000000ad800000, 0x00000000ad900000, 0x00000000ad900000|100%| O|  |TAMS 0x00000000ad800000, 0x00000000ad900000| Untracked 
| 729|0x00000000ad900000, 0x00000000ada00000, 0x00000000ada00000|100%| O|  |TAMS 0x00000000ad900000, 0x00000000ada00000| Untracked 
| 730|0x00000000ada00000, 0x00000000adb00000, 0x00000000adb00000|100%| O|  |TAMS 0x00000000ada00000, 0x00000000adb00000| Untracked 
| 731|0x00000000adb00000, 0x00000000adc00000, 0x00000000adc00000|100%| O|  |TAMS 0x00000000adb00000, 0x00000000adc00000| Untracked 
| 732|0x00000000adc00000, 0x00000000add00000, 0x00000000add00000|100%| O|  |TAMS 0x00000000adc00000, 0x00000000add00000| Untracked 
| 733|0x00000000add00000, 0x00000000ade00000, 0x00000000ade00000|100%| O|  |TAMS 0x00000000add00000, 0x00000000ade00000| Untracked 
| 734|0x00000000ade00000, 0x00000000adf00000, 0x00000000adf00000|100%| O|  |TAMS 0x00000000ade00000, 0x00000000adf00000| Untracked 
| 735|0x00000000adf00000, 0x00000000ae000000, 0x00000000ae000000|100%| O|  |TAMS 0x00000000adf00000, 0x00000000ae000000| Untracked 
| 736|0x00000000ae000000, 0x00000000ae100000, 0x00000000ae100000|100%| O|  |TAMS 0x00000000ae000000, 0x00000000ae100000| Untracked 
| 737|0x00000000ae100000, 0x00000000ae200000, 0x00000000ae200000|100%| O|  |TAMS 0x00000000ae100000, 0x00000000ae200000| Untracked 
| 738|0x00000000ae200000, 0x00000000ae300000, 0x00000000ae300000|100%| O|  |TAMS 0x00000000ae200000, 0x00000000ae300000| Untracked 
| 739|0x00000000ae300000, 0x00000000ae400000, 0x00000000ae400000|100%| O|  |TAMS 0x00000000ae300000, 0x00000000ae400000| Untracked 
| 740|0x00000000ae400000, 0x00000000ae500000, 0x00000000ae500000|100%| O|  |TAMS 0x00000000ae400000, 0x00000000ae500000| Untracked 
| 741|0x00000000ae500000, 0x00000000ae600000, 0x00000000ae600000|100%| O|  |TAMS 0x00000000ae500000, 0x00000000ae600000| Untracked 
| 742|0x00000000ae600000, 0x00000000ae700000, 0x00000000ae700000|100%| O|  |TAMS 0x00000000ae600000, 0x00000000ae700000| Untracked 
| 743|0x00000000ae700000, 0x00000000ae800000, 0x00000000ae800000|100%| O|  |TAMS 0x00000000ae700000, 0x00000000ae800000| Untracked 
| 744|0x00000000ae800000, 0x00000000ae900000, 0x00000000ae900000|100%| O|  |TAMS 0x00000000ae800000, 0x00000000ae900000| Untracked 
| 745|0x00000000ae900000, 0x00000000aea00000, 0x00000000aea00000|100%| O|  |TAMS 0x00000000ae900000, 0x00000000aea00000| Untracked 
| 746|0x00000000aea00000, 0x00000000aeb00000, 0x00000000aeb00000|100%| O|  |TAMS 0x00000000aea00000, 0x00000000aeb00000| Untracked 
| 747|0x00000000aeb00000, 0x00000000aec00000, 0x00000000aec00000|100%| O|  |TAMS 0x00000000aeb00000, 0x00000000aec00000| Untracked 
| 748|0x00000000aec00000, 0x00000000aed00000, 0x00000000aed00000|100%| O|  |TAMS 0x00000000aec00000, 0x00000000aed00000| Untracked 
| 749|0x00000000aed00000, 0x00000000aee00000, 0x00000000aee00000|100%| O|  |TAMS 0x00000000aed00000, 0x00000000aee00000| Untracked 
| 750|0x00000000aee00000, 0x00000000aef00000, 0x00000000aef00000|100%| O|  |TAMS 0x00000000aee00000, 0x00000000aef00000| Untracked 
| 751|0x00000000aef00000, 0x00000000af000000, 0x00000000af000000|100%| O|  |TAMS 0x00000000aef00000, 0x00000000af000000| Untracked 
| 752|0x00000000af000000, 0x00000000af100000, 0x00000000af100000|100%| O|  |TAMS 0x00000000af000000, 0x00000000af100000| Untracked 
| 753|0x00000000af100000, 0x00000000af200000, 0x00000000af200000|100%| O|  |TAMS 0x00000000af100000, 0x00000000af200000| Untracked 
| 754|0x00000000af200000, 0x00000000af300000, 0x00000000af300000|100%| O|  |TAMS 0x00000000af200000, 0x00000000af300000| Untracked 
| 755|0x00000000af300000, 0x00000000af400000, 0x00000000af400000|100%| O|  |TAMS 0x00000000af300000, 0x00000000af400000| Untracked 
| 756|0x00000000af400000, 0x00000000af500000, 0x00000000af500000|100%| O|  |TAMS 0x00000000af400000, 0x00000000af500000| Untracked 
| 757|0x00000000af500000, 0x00000000af600000, 0x00000000af600000|100%| O|  |TAMS 0x00000000af500000, 0x00000000af600000| Untracked 
| 758|0x00000000af600000, 0x00000000af700000, 0x00000000af700000|100%| O|  |TAMS 0x00000000af600000, 0x00000000af700000| Untracked 
| 759|0x00000000af700000, 0x00000000af800000, 0x00000000af800000|100%| O|  |TAMS 0x00000000af700000, 0x00000000af800000| Untracked 
| 760|0x00000000af800000, 0x00000000af900000, 0x00000000af900000|100%| O|  |TAMS 0x00000000af800000, 0x00000000af900000| Untracked 
| 761|0x00000000af900000, 0x00000000afa00000, 0x00000000afa00000|100%| O|  |TAMS 0x00000000af900000, 0x00000000afa00000| Untracked 
| 762|0x00000000afa00000, 0x00000000afb00000, 0x00000000afb00000|100%| O|  |TAMS 0x00000000afa00000, 0x00000000afb00000| Untracked 
| 763|0x00000000afb00000, 0x00000000afc00000, 0x00000000afc00000|100%| O|  |TAMS 0x00000000afb00000, 0x00000000afc00000| Untracked 
| 764|0x00000000afc00000, 0x00000000afd00000, 0x00000000afd00000|100%| O|  |TAMS 0x00000000afc00000, 0x00000000afd00000| Untracked 
| 765|0x00000000afd00000, 0x00000000afe00000, 0x00000000afe00000|100%| O|  |TAMS 0x00000000afd00000, 0x00000000afe00000| Untracked 
| 766|0x00000000afe00000, 0x00000000aff00000, 0x00000000aff00000|100%| O|  |TAMS 0x00000000afe00000, 0x00000000aff00000| Untracked 
| 767|0x00000000aff00000, 0x00000000b0000000, 0x00000000b0000000|100%| O|  |TAMS 0x00000000aff00000, 0x00000000b0000000| Untracked 
| 768|0x00000000b0000000, 0x00000000b0100000, 0x00000000b0100000|100%| O|  |TAMS 0x00000000b0000000, 0x00000000b0100000| Untracked 
| 769|0x00000000b0100000, 0x00000000b0200000, 0x00000000b0200000|100%| O|  |TAMS 0x00000000b0100000, 0x00000000b0200000| Untracked 
| 770|0x00000000b0200000, 0x00000000b0300000, 0x00000000b0300000|100%| O|  |TAMS 0x00000000b0200000, 0x00000000b0300000| Untracked 
| 771|0x00000000b0300000, 0x00000000b0400000, 0x00000000b0400000|100%| O|  |TAMS 0x00000000b0300000, 0x00000000b0400000| Untracked 
| 772|0x00000000b0400000, 0x00000000b0500000, 0x00000000b0500000|100%| O|  |TAMS 0x00000000b0400000, 0x00000000b0500000| Untracked 
| 773|0x00000000b0500000, 0x00000000b0600000, 0x00000000b0600000|100%| O|  |TAMS 0x00000000b0500000, 0x00000000b0600000| Untracked 
| 774|0x00000000b0600000, 0x00000000b0700000, 0x00000000b0700000|100%| O|  |TAMS 0x00000000b0600000, 0x00000000b0700000| Untracked 
| 775|0x00000000b0700000, 0x00000000b0800000, 0x00000000b0800000|100%| O|  |TAMS 0x00000000b0700000, 0x00000000b0800000| Untracked 
| 776|0x00000000b0800000, 0x00000000b0900000, 0x00000000b0900000|100%| O|  |TAMS 0x00000000b0800000, 0x00000000b0900000| Untracked 
| 777|0x00000000b0900000, 0x00000000b0a00000, 0x00000000b0a00000|100%| O|  |TAMS 0x00000000b0900000, 0x00000000b0a00000| Untracked 
| 778|0x00000000b0a00000, 0x00000000b0b00000, 0x00000000b0b00000|100%| O|  |TAMS 0x00000000b0a00000, 0x00000000b0b00000| Untracked 
| 779|0x00000000b0b00000, 0x00000000b0c00000, 0x00000000b0c00000|100%| O|  |TAMS 0x00000000b0b00000, 0x00000000b0c00000| Untracked 
| 780|0x00000000b0c00000, 0x00000000b0d00000, 0x00000000b0d00000|100%| O|  |TAMS 0x00000000b0c00000, 0x00000000b0d00000| Untracked 
| 781|0x00000000b0d00000, 0x00000000b0e00000, 0x00000000b0e00000|100%| O|  |TAMS 0x00000000b0d00000, 0x00000000b0e00000| Untracked 
| 782|0x00000000b0e00000, 0x00000000b0f00000, 0x00000000b0f00000|100%| O|  |TAMS 0x00000000b0e00000, 0x00000000b0f00000| Untracked 
| 783|0x00000000b0f00000, 0x00000000b1000000, 0x00000000b1000000|100%| O|  |TAMS 0x00000000b0f00000, 0x00000000b1000000| Untracked 
| 784|0x00000000b1000000, 0x00000000b1100000, 0x00000000b1100000|100%| O|  |TAMS 0x00000000b1000000, 0x00000000b1100000| Untracked 
| 785|0x00000000b1100000, 0x00000000b1200000, 0x00000000b1200000|100%| O|  |TAMS 0x00000000b1100000, 0x00000000b1200000| Untracked 
| 786|0x00000000b1200000, 0x00000000b1300000, 0x00000000b1300000|100%| O|  |TAMS 0x00000000b1200000, 0x00000000b1300000| Untracked 
| 787|0x00000000b1300000, 0x00000000b1400000, 0x00000000b1400000|100%| O|  |TAMS 0x00000000b1300000, 0x00000000b1400000| Untracked 
| 788|0x00000000b1400000, 0x00000000b1500000, 0x00000000b1500000|100%| O|  |TAMS 0x00000000b1400000, 0x00000000b1500000| Untracked 
| 789|0x00000000b1500000, 0x00000000b1600000, 0x00000000b1600000|100%| O|  |TAMS 0x00000000b1500000, 0x00000000b1600000| Untracked 
| 790|0x00000000b1600000, 0x00000000b1700000, 0x00000000b1700000|100%| O|  |TAMS 0x00000000b1600000, 0x00000000b1700000| Untracked 
| 791|0x00000000b1700000, 0x00000000b1800000, 0x00000000b1800000|100%| O|  |TAMS 0x00000000b1700000, 0x00000000b1800000| Untracked 
| 792|0x00000000b1800000, 0x00000000b1900000, 0x00000000b1900000|100%| O|  |TAMS 0x00000000b1800000, 0x00000000b1900000| Untracked 
| 793|0x00000000b1900000, 0x00000000b1a00000, 0x00000000b1a00000|100%| O|  |TAMS 0x00000000b1900000, 0x00000000b1a00000| Untracked 
| 794|0x00000000b1a00000, 0x00000000b1b00000, 0x00000000b1b00000|100%| O|  |TAMS 0x00000000b1a00000, 0x00000000b1b00000| Untracked 
| 795|0x00000000b1b00000, 0x00000000b1c00000, 0x00000000b1c00000|100%| O|  |TAMS 0x00000000b1b00000, 0x00000000b1c00000| Untracked 
| 796|0x00000000b1c00000, 0x00000000b1d00000, 0x00000000b1d00000|100%| O|  |TAMS 0x00000000b1c00000, 0x00000000b1d00000| Untracked 
| 797|0x00000000b1d00000, 0x00000000b1e00000, 0x00000000b1e00000|100%| O|  |TAMS 0x00000000b1d00000, 0x00000000b1e00000| Untracked 
| 798|0x00000000b1e00000, 0x00000000b1f00000, 0x00000000b1f00000|100%| O|  |TAMS 0x00000000b1e00000, 0x00000000b1f00000| Untracked 
| 799|0x00000000b1f00000, 0x00000000b2000000, 0x00000000b2000000|100%| O|  |TAMS 0x00000000b1f00000, 0x00000000b2000000| Untracked 
| 800|0x00000000b2000000, 0x00000000b2100000, 0x00000000b2100000|100%| O|  |TAMS 0x00000000b2000000, 0x00000000b2100000| Untracked 
| 801|0x00000000b2100000, 0x00000000b2200000, 0x00000000b2200000|100%| O|  |TAMS 0x00000000b2100000, 0x00000000b2200000| Untracked 
| 802|0x00000000b2200000, 0x00000000b2300000, 0x00000000b2300000|100%| O|  |TAMS 0x00000000b2200000, 0x00000000b2300000| Untracked 
| 803|0x00000000b2300000, 0x00000000b2400000, 0x00000000b2400000|100%| O|  |TAMS 0x00000000b2300000, 0x00000000b2400000| Untracked 
| 804|0x00000000b2400000, 0x00000000b2500000, 0x00000000b2500000|100%| O|  |TAMS 0x00000000b2400000, 0x00000000b2500000| Untracked 
| 805|0x00000000b2500000, 0x00000000b2600000, 0x00000000b2600000|100%| O|  |TAMS 0x00000000b2500000, 0x00000000b2600000| Untracked 
| 806|0x00000000b2600000, 0x00000000b2700000, 0x00000000b2700000|100%| O|  |TAMS 0x00000000b2600000, 0x00000000b2700000| Untracked 
| 807|0x00000000b2700000, 0x00000000b2800000, 0x00000000b2800000|100%| O|  |TAMS 0x00000000b2700000, 0x00000000b2800000| Untracked 
| 808|0x00000000b2800000, 0x00000000b2900000, 0x00000000b2900000|100%| O|  |TAMS 0x00000000b2800000, 0x00000000b2900000| Untracked 
| 809|0x00000000b2900000, 0x00000000b2a00000, 0x00000000b2a00000|100%| O|  |TAMS 0x00000000b2900000, 0x00000000b2a00000| Untracked 
| 810|0x00000000b2a00000, 0x00000000b2b00000, 0x00000000b2b00000|100%| O|  |TAMS 0x00000000b2a00000, 0x00000000b2b00000| Untracked 
| 811|0x00000000b2b00000, 0x00000000b2c00000, 0x00000000b2c00000|100%| O|  |TAMS 0x00000000b2b00000, 0x00000000b2c00000| Untracked 
| 812|0x00000000b2c00000, 0x00000000b2d00000, 0x00000000b2d00000|100%| O|  |TAMS 0x00000000b2c00000, 0x00000000b2d00000| Untracked 
| 813|0x00000000b2d00000, 0x00000000b2e00000, 0x00000000b2e00000|100%| O|  |TAMS 0x00000000b2d00000, 0x00000000b2e00000| Untracked 
| 814|0x00000000b2e00000, 0x00000000b2f00000, 0x00000000b2f00000|100%| O|  |TAMS 0x00000000b2e00000, 0x00000000b2f00000| Untracked 
| 815|0x00000000b2f00000, 0x00000000b3000000, 0x00000000b3000000|100%| O|  |TAMS 0x00000000b2f00000, 0x00000000b3000000| Untracked 
| 816|0x00000000b3000000, 0x00000000b3100000, 0x00000000b3100000|100%| O|  |TAMS 0x00000000b3000000, 0x00000000b3100000| Untracked 
| 817|0x00000000b3100000, 0x00000000b3200000, 0x00000000b3200000|100%| O|  |TAMS 0x00000000b3100000, 0x00000000b3200000| Untracked 
| 818|0x00000000b3200000, 0x00000000b3300000, 0x00000000b3300000|100%| O|  |TAMS 0x00000000b3200000, 0x00000000b3300000| Untracked 
| 819|0x00000000b3300000, 0x00000000b3400000, 0x00000000b3400000|100%| O|  |TAMS 0x00000000b3300000, 0x00000000b3400000| Untracked 
| 820|0x00000000b3400000, 0x00000000b3500000, 0x00000000b3500000|100%| O|  |TAMS 0x00000000b3400000, 0x00000000b3500000| Untracked 
| 821|0x00000000b3500000, 0x00000000b3600000, 0x00000000b3600000|100%| O|  |TAMS 0x00000000b3500000, 0x00000000b3600000| Untracked 
| 822|0x00000000b3600000, 0x00000000b3700000, 0x00000000b3700000|100%| O|  |TAMS 0x00000000b3600000, 0x00000000b3700000| Untracked 
| 823|0x00000000b3700000, 0x00000000b3800000, 0x00000000b3800000|100%| O|  |TAMS 0x00000000b3700000, 0x00000000b3800000| Untracked 
| 824|0x00000000b3800000, 0x00000000b3900000, 0x00000000b3900000|100%| O|  |TAMS 0x00000000b3800000, 0x00000000b3900000| Untracked 
| 825|0x00000000b3900000, 0x00000000b3a00000, 0x00000000b3a00000|100%| O|  |TAMS 0x00000000b3900000, 0x00000000b3a00000| Untracked 
| 826|0x00000000b3a00000, 0x00000000b3b00000, 0x00000000b3b00000|100%| O|  |TAMS 0x00000000b3a00000, 0x00000000b3b00000| Untracked 
| 827|0x00000000b3b00000, 0x00000000b3c00000, 0x00000000b3c00000|100%| O|  |TAMS 0x00000000b3b00000, 0x00000000b3c00000| Untracked 
| 828|0x00000000b3c00000, 0x00000000b3d00000, 0x00000000b3d00000|100%|HS|  |TAMS 0x00000000b3c00000, 0x00000000b3d00000| Complete 
| 829|0x00000000b3d00000, 0x00000000b3e00000, 0x00000000b3e00000|100%|HC|  |TAMS 0x00000000b3d00000, 0x00000000b3e00000| Complete 
| 830|0x00000000b3e00000, 0x00000000b3f00000, 0x00000000b3f00000|100%|HS|  |TAMS 0x00000000b3e00000, 0x00000000b3f00000| Complete 
| 831|0x00000000b3f00000, 0x00000000b4000000, 0x00000000b4000000|100%|HC|  |TAMS 0x00000000b3f00000, 0x00000000b4000000| Complete 
| 832|0x00000000b4000000, 0x00000000b4100000, 0x00000000b4100000|100%| O|  |TAMS 0x00000000b4000000, 0x00000000b4100000| Untracked 
| 833|0x00000000b4100000, 0x00000000b4200000, 0x00000000b4200000|100%| O|  |TAMS 0x00000000b4100000, 0x00000000b4200000| Untracked 
| 834|0x00000000b4200000, 0x00000000b4300000, 0x00000000b4300000|100%| O|  |TAMS 0x00000000b4200000, 0x00000000b4300000| Untracked 
| 835|0x00000000b4300000, 0x00000000b4400000, 0x00000000b4400000|100%| O|  |TAMS 0x00000000b4300000, 0x00000000b4400000| Untracked 
| 836|0x00000000b4400000, 0x00000000b4500000, 0x00000000b4500000|100%| O|  |TAMS 0x00000000b4400000, 0x00000000b4500000| Untracked 
| 837|0x00000000b4500000, 0x00000000b4600000, 0x00000000b4600000|100%| O|  |TAMS 0x00000000b4500000, 0x00000000b4600000| Untracked 
| 838|0x00000000b4600000, 0x00000000b4700000, 0x00000000b4700000|100%| O|  |TAMS 0x00000000b4600000, 0x00000000b4700000| Untracked 
| 839|0x00000000b4700000, 0x00000000b4800000, 0x00000000b4800000|100%| O|  |TAMS 0x00000000b4700000, 0x00000000b4800000| Untracked 
| 840|0x00000000b4800000, 0x00000000b4900000, 0x00000000b4900000|100%| O|  |TAMS 0x00000000b4800000, 0x00000000b4900000| Untracked 
| 841|0x00000000b4900000, 0x00000000b4a00000, 0x00000000b4a00000|100%| O|  |TAMS 0x00000000b4900000, 0x00000000b4a00000| Untracked 
| 842|0x00000000b4a00000, 0x00000000b4b00000, 0x00000000b4b00000|100%| O|  |TAMS 0x00000000b4a00000, 0x00000000b4b00000| Untracked 
| 843|0x00000000b4b00000, 0x00000000b4c00000, 0x00000000b4c00000|100%| O|  |TAMS 0x00000000b4b00000, 0x00000000b4c00000| Untracked 
| 844|0x00000000b4c00000, 0x00000000b4d00000, 0x00000000b4d00000|100%| O|  |TAMS 0x00000000b4c00000, 0x00000000b4d00000| Untracked 
| 845|0x00000000b4d00000, 0x00000000b4e00000, 0x00000000b4e00000|100%| O|  |TAMS 0x00000000b4d00000, 0x00000000b4e00000| Untracked 
| 846|0x00000000b4e00000, 0x00000000b4f00000, 0x00000000b4f00000|100%| O|  |TAMS 0x00000000b4e00000, 0x00000000b4f00000| Untracked 
| 847|0x00000000b4f00000, 0x00000000b5000000, 0x00000000b5000000|100%| O|  |TAMS 0x00000000b4f00000, 0x00000000b5000000| Untracked 
| 848|0x00000000b5000000, 0x00000000b5100000, 0x00000000b5100000|100%| O|  |TAMS 0x00000000b5000000, 0x00000000b5100000| Untracked 
| 849|0x00000000b5100000, 0x00000000b5200000, 0x00000000b5200000|100%| O|  |TAMS 0x00000000b5100000, 0x00000000b5200000| Untracked 
| 850|0x00000000b5200000, 0x00000000b5300000, 0x00000000b5300000|100%| O|  |TAMS 0x00000000b5200000, 0x00000000b5300000| Untracked 
| 851|0x00000000b5300000, 0x00000000b5400000, 0x00000000b5400000|100%| O|  |TAMS 0x00000000b5300000, 0x00000000b5400000| Untracked 
| 852|0x00000000b5400000, 0x00000000b5500000, 0x00000000b5500000|100%|HS|  |TAMS 0x00000000b5400000, 0x00000000b5500000| Complete 
| 853|0x00000000b5500000, 0x00000000b5600000, 0x00000000b5600000|100%|HS|  |TAMS 0x00000000b5500000, 0x00000000b5600000| Complete 
| 854|0x00000000b5600000, 0x00000000b5700000, 0x00000000b5700000|100%|HS|  |TAMS 0x00000000b5600000, 0x00000000b5700000| Complete 
| 855|0x00000000b5700000, 0x00000000b5800000, 0x00000000b5800000|100%|HC|  |TAMS 0x00000000b5700000, 0x00000000b5800000| Complete 
| 856|0x00000000b5800000, 0x00000000b5900000, 0x00000000b5900000|100%|HS|  |TAMS 0x00000000b5800000, 0x00000000b5900000| Complete 
| 857|0x00000000b5900000, 0x00000000b5a00000, 0x00000000b5a00000|100%|HS|  |TAMS 0x00000000b5900000, 0x00000000b5a00000| Complete 
| 858|0x00000000b5a00000, 0x00000000b5b00000, 0x00000000b5b00000|100%|HS|  |TAMS 0x00000000b5a00000, 0x00000000b5b00000| Complete 
| 859|0x00000000b5b00000, 0x00000000b5c00000, 0x00000000b5c00000|100%|HC|  |TAMS 0x00000000b5b00000, 0x00000000b5c00000| Complete 
| 860|0x00000000b5c00000, 0x00000000b5d00000, 0x00000000b5d00000|100%|HS|  |TAMS 0x00000000b5c00000, 0x00000000b5d00000| Complete 
| 861|0x00000000b5d00000, 0x00000000b5e00000, 0x00000000b5e00000|100%|HS|  |TAMS 0x00000000b5d00000, 0x00000000b5e00000| Complete 
| 862|0x00000000b5e00000, 0x00000000b5f00000, 0x00000000b5f00000|100%|HS|  |TAMS 0x00000000b5e00000, 0x00000000b5f00000| Complete 
| 863|0x00000000b5f00000, 0x00000000b6000000, 0x00000000b6000000|100%|HS|  |TAMS 0x00000000b5f00000, 0x00000000b6000000| Complete 
| 864|0x00000000b6000000, 0x00000000b6100000, 0x00000000b6100000|100%|HC|  |TAMS 0x00000000b6000000, 0x00000000b6100000| Complete 
| 865|0x00000000b6100000, 0x00000000b6200000, 0x00000000b6200000|100%|HS|  |TAMS 0x00000000b6100000, 0x00000000b6200000| Complete 
| 866|0x00000000b6200000, 0x00000000b6300000, 0x00000000b6300000|100%|HC|  |TAMS 0x00000000b6200000, 0x00000000b6300000| Complete 
| 867|0x00000000b6300000, 0x00000000b6400000, 0x00000000b6400000|100%|HS|  |TAMS 0x00000000b6300000, 0x00000000b6400000| Complete 
| 868|0x00000000b6400000, 0x00000000b6500000, 0x00000000b6500000|100%|HC|  |TAMS 0x00000000b6400000, 0x00000000b6500000| Complete 
| 869|0x00000000b6500000, 0x00000000b6600000, 0x00000000b6600000|100%|HS|  |TAMS 0x00000000b6500000, 0x00000000b6600000| Complete 
| 870|0x00000000b6600000, 0x00000000b6700000, 0x00000000b6700000|100%|HS|  |TAMS 0x00000000b6600000, 0x00000000b6700000| Complete 
| 871|0x00000000b6700000, 0x00000000b6800000, 0x00000000b6800000|100%|HC|  |TAMS 0x00000000b6700000, 0x00000000b6800000| Complete 
| 872|0x00000000b6800000, 0x00000000b6900000, 0x00000000b6900000|100%|HS|  |TAMS 0x00000000b6800000, 0x00000000b6900000| Complete 
| 873|0x00000000b6900000, 0x00000000b6a00000, 0x00000000b6a00000|100%|HS|  |TAMS 0x00000000b6900000, 0x00000000b6a00000| Complete 
| 874|0x00000000b6a00000, 0x00000000b6b00000, 0x00000000b6b00000|100%|HS|  |TAMS 0x00000000b6a00000, 0x00000000b6b00000| Complete 
| 875|0x00000000b6b00000, 0x00000000b6c00000, 0x00000000b6c00000|100%|HS|  |TAMS 0x00000000b6b00000, 0x00000000b6c00000| Complete 
| 876|0x00000000b6c00000, 0x00000000b6d00000, 0x00000000b6d00000|100%|HC|  |TAMS 0x00000000b6c00000, 0x00000000b6d00000| Complete 
| 877|0x00000000b6d00000, 0x00000000b6e00000, 0x00000000b6e00000|100%| O|  |TAMS 0x00000000b6d00000, 0x00000000b6e00000| Untracked 
| 878|0x00000000b6e00000, 0x00000000b6f00000, 0x00000000b6f00000|100%| O|  |TAMS 0x00000000b6e00000, 0x00000000b6f00000| Untracked 
| 879|0x00000000b6f00000, 0x00000000b7000000, 0x00000000b7000000|100%| O|  |TAMS 0x00000000b6f00000, 0x00000000b7000000| Untracked 
| 880|0x00000000b7000000, 0x00000000b7100000, 0x00000000b7100000|100%| O|  |TAMS 0x00000000b7000000, 0x00000000b7100000| Untracked 
| 881|0x00000000b7100000, 0x00000000b7200000, 0x00000000b7200000|100%| O|  |TAMS 0x00000000b7100000, 0x00000000b7200000| Untracked 
| 882|0x00000000b7200000, 0x00000000b7300000, 0x00000000b7300000|100%| O|  |TAMS 0x00000000b7200000, 0x00000000b7300000| Untracked 
| 883|0x00000000b7300000, 0x00000000b7400000, 0x00000000b7400000|100%| O|  |TAMS 0x00000000b7300000, 0x00000000b7400000| Untracked 
| 884|0x00000000b7400000, 0x00000000b7500000, 0x00000000b7500000|100%| O|  |TAMS 0x00000000b7400000, 0x00000000b7500000| Untracked 
| 885|0x00000000b7500000, 0x00000000b7600000, 0x00000000b7600000|100%|HS|  |TAMS 0x00000000b7500000, 0x00000000b7600000| Complete 
| 886|0x00000000b7600000, 0x00000000b7700000, 0x00000000b7700000|100%|HS|  |TAMS 0x00000000b7600000, 0x00000000b7700000| Complete 
| 887|0x00000000b7700000, 0x00000000b7800000, 0x00000000b7800000|100%|HS|  |TAMS 0x00000000b7700000, 0x00000000b7800000| Complete 
| 888|0x00000000b7800000, 0x00000000b7900000, 0x00000000b7900000|100%|HS|  |TAMS 0x00000000b7800000, 0x00000000b7900000| Complete 
| 889|0x00000000b7900000, 0x00000000b7a00000, 0x00000000b7a00000|100%|HC|  |TAMS 0x00000000b7900000, 0x00000000b7a00000| Complete 
| 890|0x00000000b7a00000, 0x00000000b7b00000, 0x00000000b7b00000|100%|HS|  |TAMS 0x00000000b7a00000, 0x00000000b7b00000| Complete 
| 891|0x00000000b7b00000, 0x00000000b7c00000, 0x00000000b7c00000|100%|HS|  |TAMS 0x00000000b7b00000, 0x00000000b7c00000| Complete 
| 892|0x00000000b7c00000, 0x00000000b7d00000, 0x00000000b7d00000|100%|HS|  |TAMS 0x00000000b7c00000, 0x00000000b7d00000| Complete 
| 893|0x00000000b7d00000, 0x00000000b7e00000, 0x00000000b7e00000|100%|HC|  |TAMS 0x00000000b7d00000, 0x00000000b7e00000| Complete 
| 894|0x00000000b7e00000, 0x00000000b7f00000, 0x00000000b7f00000|100%|HS|  |TAMS 0x00000000b7e00000, 0x00000000b7f00000| Complete 
| 895|0x00000000b7f00000, 0x00000000b8000000, 0x00000000b8000000|100%|HS|  |TAMS 0x00000000b7f00000, 0x00000000b8000000| Complete 
| 896|0x00000000b8000000, 0x00000000b8100000, 0x00000000b8100000|100%|HS|  |TAMS 0x00000000b8000000, 0x00000000b8100000| Complete 
| 897|0x00000000b8100000, 0x00000000b8200000, 0x00000000b8200000|100%|HS|  |TAMS 0x00000000b8100000, 0x00000000b8200000| Complete 
| 898|0x00000000b8200000, 0x00000000b8300000, 0x00000000b8300000|100%|HC|  |TAMS 0x00000000b8200000, 0x00000000b8300000| Complete 
| 899|0x00000000b8300000, 0x00000000b8400000, 0x00000000b8400000|100%|HS|  |TAMS 0x00000000b8300000, 0x00000000b8400000| Complete 
| 900|0x00000000b8400000, 0x00000000b8500000, 0x00000000b8500000|100%| O|  |TAMS 0x00000000b8400000, 0x00000000b8400000| Untracked 
| 901|0x00000000b8500000, 0x00000000b8600000, 0x00000000b8600000|100%|HS|  |TAMS 0x00000000b8500000, 0x00000000b8600000| Complete 
| 902|0x00000000b8600000, 0x00000000b8700000, 0x00000000b8700000|100%|HS|  |TAMS 0x00000000b8600000, 0x00000000b8700000| Complete 
| 903|0x00000000b8700000, 0x00000000b8800000, 0x00000000b8800000|100%|HS|  |TAMS 0x00000000b8700000, 0x00000000b8700000| Complete 
| 904|0x00000000b8800000, 0x00000000b8900000, 0x00000000b8900000|100%|HC|  |TAMS 0x00000000b8800000, 0x00000000b8800000| Complete 
| 905|0x00000000b8900000, 0x00000000b8a00000, 0x00000000b8a00000|100%|HS|  |TAMS 0x00000000b8900000, 0x00000000b8a00000| Complete 
| 906|0x00000000b8a00000, 0x00000000b8b00000, 0x00000000b8b00000|100%|HS|  |TAMS 0x00000000b8a00000, 0x00000000b8b00000| Complete 
| 907|0x00000000b8b00000, 0x00000000b8c00000, 0x00000000b8c00000|100%|HS|  |TAMS 0x00000000b8b00000, 0x00000000b8c00000| Complete 
| 908|0x00000000b8c00000, 0x00000000b8d00000, 0x00000000b8d00000|100%|HS|  |TAMS 0x00000000b8c00000, 0x00000000b8d00000| Complete 
| 909|0x00000000b8d00000, 0x00000000b8e00000, 0x00000000b8e00000|100%|HC|  |TAMS 0x00000000b8d00000, 0x00000000b8e00000| Complete 
| 910|0x00000000b8e00000, 0x00000000b8f00000, 0x00000000b8f00000|100%|HS|  |TAMS 0x00000000b8e00000, 0x00000000b8f00000| Complete 
| 911|0x00000000b8f00000, 0x00000000b9000000, 0x00000000b9000000|100%| O|  |TAMS 0x00000000b8f00000, 0x00000000b8f00000| Untracked 
| 912|0x00000000b9000000, 0x00000000b9100000, 0x00000000b9100000|100%|HS|  |TAMS 0x00000000b9000000, 0x00000000b9100000| Complete 
| 913|0x00000000b9100000, 0x00000000b9200000, 0x00000000b9200000|100%|HS|  |TAMS 0x00000000b9100000, 0x00000000b9200000| Complete 
| 914|0x00000000b9200000, 0x00000000b9300000, 0x00000000b9300000|100%|HS|  |TAMS 0x00000000b9200000, 0x00000000b9300000| Complete 
| 915|0x00000000b9300000, 0x00000000b9400000, 0x00000000b9400000|100%|HC|  |TAMS 0x00000000b9300000, 0x00000000b9400000| Complete 
| 916|0x00000000b9400000, 0x00000000b9500000, 0x00000000b9500000|100%|HS|  |TAMS 0x00000000b9400000, 0x00000000b9500000| Complete 
| 917|0x00000000b9500000, 0x00000000b9600000, 0x00000000b9600000|100%|HS|  |TAMS 0x00000000b9500000, 0x00000000b9600000| Complete 
| 918|0x00000000b9600000, 0x00000000b9700000, 0x00000000b9700000|100%|HS|  |TAMS 0x00000000b9600000, 0x00000000b9700000| Complete 
| 919|0x00000000b9700000, 0x00000000b9800000, 0x00000000b9800000|100%|HS|  |TAMS 0x00000000b9700000, 0x00000000b9800000| Complete 
| 920|0x00000000b9800000, 0x00000000b9900000, 0x00000000b9900000|100%|HS|  |TAMS 0x00000000b9800000, 0x00000000b9900000| Complete 
| 921|0x00000000b9900000, 0x00000000b9a00000, 0x00000000b9a00000|100%|HC|  |TAMS 0x00000000b9900000, 0x00000000b9a00000| Complete 
| 922|0x00000000b9a00000, 0x00000000b9b00000, 0x00000000b9b00000|100%|HS|  |TAMS 0x00000000b9a00000, 0x00000000b9b00000| Complete 
| 923|0x00000000b9b00000, 0x00000000b9c00000, 0x00000000b9c00000|100%|HS|  |TAMS 0x00000000b9b00000, 0x00000000b9c00000| Complete 
| 924|0x00000000b9c00000, 0x00000000b9d00000, 0x00000000b9d00000|100%|HS|  |TAMS 0x00000000b9c00000, 0x00000000b9d00000| Complete 
| 925|0x00000000b9d00000, 0x00000000b9e00000, 0x00000000b9e00000|100%|HC|  |TAMS 0x00000000b9d00000, 0x00000000b9e00000| Complete 
| 926|0x00000000b9e00000, 0x00000000b9f00000, 0x00000000b9f00000|100%| O|  |TAMS 0x00000000b9e00000, 0x00000000b9e00000| Untracked 
| 927|0x00000000b9f00000, 0x00000000ba000000, 0x00000000ba000000|100%|HS|  |TAMS 0x00000000b9f00000, 0x00000000ba000000| Complete 
| 928|0x00000000ba000000, 0x00000000ba100000, 0x00000000ba100000|100%|HS|  |TAMS 0x00000000ba000000, 0x00000000ba100000| Complete 
| 929|0x00000000ba100000, 0x00000000ba200000, 0x00000000ba200000|100%|HS|  |TAMS 0x00000000ba100000, 0x00000000ba200000| Complete 
| 930|0x00000000ba200000, 0x00000000ba300000, 0x00000000ba300000|100%|HC|  |TAMS 0x00000000ba200000, 0x00000000ba300000| Complete 
| 931|0x00000000ba300000, 0x00000000ba400000, 0x00000000ba400000|100%|HS|  |TAMS 0x00000000ba300000, 0x00000000ba300000| Complete 
| 932|0x00000000ba400000, 0x00000000ba500000, 0x00000000ba500000|100%|HS|  |TAMS 0x00000000ba400000, 0x00000000ba500000| Complete 
| 933|0x00000000ba500000, 0x00000000ba600000, 0x00000000ba600000|100%|HS|  |TAMS 0x00000000ba500000, 0x00000000ba600000| Complete 
| 934|0x00000000ba600000, 0x00000000ba700000, 0x00000000ba700000|100%| O|  |TAMS 0x00000000ba600000, 0x00000000ba600000| Untracked 
| 935|0x00000000ba700000, 0x00000000ba800000, 0x00000000ba800000|100%| O|  |TAMS 0x00000000ba700000, 0x00000000ba700000| Untracked 
| 936|0x00000000ba800000, 0x00000000ba900000, 0x00000000ba900000|100%| O|  |TAMS 0x00000000ba800000, 0x00000000ba800000| Untracked 
| 937|0x00000000ba900000, 0x00000000baa00000, 0x00000000baa00000|100%| O|  |TAMS 0x00000000ba900000, 0x00000000ba900000| Untracked 
| 938|0x00000000baa00000, 0x00000000bab00000, 0x00000000bab00000|100%| O|  |TAMS 0x00000000baa00000, 0x00000000baa00000| Untracked 
| 939|0x00000000bab00000, 0x00000000bac00000, 0x00000000bac00000|100%| O|  |TAMS 0x00000000bab00000, 0x00000000bab00000| Untracked 
| 940|0x00000000bac00000, 0x00000000bad00000, 0x00000000bad00000|100%| O|  |TAMS 0x00000000bac00000, 0x00000000bac00000| Untracked 
| 941|0x00000000bad00000, 0x00000000bae00000, 0x00000000bae00000|100%| O|  |TAMS 0x00000000bad00000, 0x00000000bad00000| Untracked 
| 942|0x00000000bae00000, 0x00000000baf00000, 0x00000000baf00000|100%| O|  |TAMS 0x00000000bae00000, 0x00000000bae00000| Untracked 
| 943|0x00000000baf00000, 0x00000000bb000000, 0x00000000bb000000|100%| O|  |TAMS 0x00000000baf00000, 0x00000000baf00000| Untracked 
| 944|0x00000000bb000000, 0x00000000bb100000, 0x00000000bb100000|100%| O|  |TAMS 0x00000000bb000000, 0x00000000bb000000| Untracked 
| 945|0x00000000bb100000, 0x00000000bb200000, 0x00000000bb200000|100%| O|  |TAMS 0x00000000bb100000, 0x00000000bb100000| Untracked 
| 946|0x00000000bb200000, 0x00000000bb300000, 0x00000000bb300000|100%| O|  |TAMS 0x00000000bb200000, 0x00000000bb200000| Untracked 
| 947|0x00000000bb300000, 0x00000000bb400000, 0x00000000bb400000|100%| O|  |TAMS 0x00000000bb300000, 0x00000000bb300000| Untracked 
| 948|0x00000000bb400000, 0x00000000bb500000, 0x00000000bb500000|100%| O|  |TAMS 0x00000000bb400000, 0x00000000bb400000| Untracked 
| 949|0x00000000bb500000, 0x00000000bb600000, 0x00000000bb600000|100%| O|  |TAMS 0x00000000bb500000, 0x00000000bb500000| Untracked 
| 950|0x00000000bb600000, 0x00000000bb700000, 0x00000000bb700000|100%| O|  |TAMS 0x00000000bb600000, 0x00000000bb600000| Untracked 
| 951|0x00000000bb700000, 0x00000000bb800000, 0x00000000bb800000|100%| O|  |TAMS 0x00000000bb700000, 0x00000000bb700000| Untracked 
| 952|0x00000000bb800000, 0x00000000bb900000, 0x00000000bb900000|100%| O|  |TAMS 0x00000000bb800000, 0x00000000bb800000| Untracked 
| 953|0x00000000bb900000, 0x00000000bba00000, 0x00000000bba00000|100%| O|  |TAMS 0x00000000bb900000, 0x00000000bb900000| Untracked 
| 954|0x00000000bba00000, 0x00000000bbb00000, 0x00000000bbb00000|100%| O|  |TAMS 0x00000000bba00000, 0x00000000bba00000| Untracked 
| 955|0x00000000bbb00000, 0x00000000bbc00000, 0x00000000bbc00000|100%| O|  |TAMS 0x00000000bbb00000, 0x00000000bbb00000| Untracked 
| 956|0x00000000bbc00000, 0x00000000bbd00000, 0x00000000bbd00000|100%| O|  |TAMS 0x00000000bbc00000, 0x00000000bbc00000| Untracked 
| 957|0x00000000bbd00000, 0x00000000bbe00000, 0x00000000bbe00000|100%| O|  |TAMS 0x00000000bbd00000, 0x00000000bbd00000| Untracked 
| 958|0x00000000bbe00000, 0x00000000bbf00000, 0x00000000bbf00000|100%| O|  |TAMS 0x00000000bbe00000, 0x00000000bbe00000| Untracked 
| 959|0x00000000bbf00000, 0x00000000bc000000, 0x00000000bc000000|100%| O|  |TAMS 0x00000000bbf00000, 0x00000000bbf00000| Untracked 
| 960|0x00000000bc000000, 0x00000000bc100000, 0x00000000bc100000|100%| O|  |TAMS 0x00000000bc000000, 0x00000000bc000000| Untracked 
| 961|0x00000000bc100000, 0x00000000bc200000, 0x00000000bc200000|100%| O|  |TAMS 0x00000000bc100000, 0x00000000bc100000| Untracked 
| 962|0x00000000bc200000, 0x00000000bc300000, 0x00000000bc300000|100%| O|  |TAMS 0x00000000bc200000, 0x00000000bc200000| Untracked 
| 963|0x00000000bc300000, 0x00000000bc400000, 0x00000000bc400000|100%| O|  |TAMS 0x00000000bc300000, 0x00000000bc300000| Untracked 
| 964|0x00000000bc400000, 0x00000000bc500000, 0x00000000bc500000|100%| O|  |TAMS 0x00000000bc400000, 0x00000000bc400000| Untracked 
| 965|0x00000000bc500000, 0x00000000bc600000, 0x00000000bc600000|100%| O|  |TAMS 0x00000000bc500000, 0x00000000bc500000| Untracked 
| 966|0x00000000bc600000, 0x00000000bc6d2200, 0x00000000bc700000| 82%| O|  |TAMS 0x00000000bc600000, 0x00000000bc600000| Untracked 
| 967|0x00000000bc700000, 0x00000000bc700000, 0x00000000bc800000|  0%| F|  |TAMS 0x00000000bc700000, 0x00000000bc700000| Untracked 
| 968|0x00000000bc800000, 0x00000000bc800000, 0x00000000bc900000|  0%| F|  |TAMS 0x00000000bc800000, 0x00000000bc800000| Untracked 
| 969|0x00000000bc900000, 0x00000000bc900000, 0x00000000bca00000|  0%| F|  |TAMS 0x00000000bc900000, 0x00000000bc900000| Untracked 
| 970|0x00000000bca00000, 0x00000000bca00000, 0x00000000bcb00000|  0%| F|  |TAMS 0x00000000bca00000, 0x00000000bca00000| Untracked 
| 971|0x00000000bcb00000, 0x00000000bcb00000, 0x00000000bcc00000|  0%| F|  |TAMS 0x00000000bcb00000, 0x00000000bcb00000| Untracked 
| 972|0x00000000bcc00000, 0x00000000bcc00000, 0x00000000bcd00000|  0%| F|  |TAMS 0x00000000bcc00000, 0x00000000bcc00000| Untracked 
| 973|0x00000000bcd00000, 0x00000000bcd00000, 0x00000000bce00000|  0%| F|  |TAMS 0x00000000bcd00000, 0x00000000bcd00000| Untracked 
| 974|0x00000000bce00000, 0x00000000bce00000, 0x00000000bcf00000|  0%| F|  |TAMS 0x00000000bce00000, 0x00000000bce00000| Untracked 
| 975|0x00000000bcf00000, 0x00000000bcf00000, 0x00000000bd000000|  0%| F|  |TAMS 0x00000000bcf00000, 0x00000000bcf00000| Untracked 
| 976|0x00000000bd000000, 0x00000000bd000000, 0x00000000bd100000|  0%| F|  |TAMS 0x00000000bd000000, 0x00000000bd000000| Untracked 
| 977|0x00000000bd100000, 0x00000000bd100000, 0x00000000bd200000|  0%| F|  |TAMS 0x00000000bd100000, 0x00000000bd100000| Untracked 
| 978|0x00000000bd200000, 0x00000000bd200000, 0x00000000bd300000|  0%| F|  |TAMS 0x00000000bd200000, 0x00000000bd200000| Untracked 
| 979|0x00000000bd300000, 0x00000000bd300000, 0x00000000bd400000|  0%| F|  |TAMS 0x00000000bd300000, 0x00000000bd300000| Untracked 
| 980|0x00000000bd400000, 0x00000000bd400000, 0x00000000bd500000|  0%| F|  |TAMS 0x00000000bd400000, 0x00000000bd400000| Untracked 
| 981|0x00000000bd500000, 0x00000000bd500000, 0x00000000bd600000|  0%| F|  |TAMS 0x00000000bd500000, 0x00000000bd500000| Untracked 
| 982|0x00000000bd600000, 0x00000000bd600000, 0x00000000bd700000|  0%| F|  |TAMS 0x00000000bd600000, 0x00000000bd600000| Untracked 
| 983|0x00000000bd700000, 0x00000000bd700000, 0x00000000bd800000|  0%| F|  |TAMS 0x00000000bd700000, 0x00000000bd700000| Untracked 
| 984|0x00000000bd800000, 0x00000000bd800000, 0x00000000bd900000|  0%| F|  |TAMS 0x00000000bd800000, 0x00000000bd800000| Untracked 
| 985|0x00000000bd900000, 0x00000000bd900000, 0x00000000bda00000|  0%| F|  |TAMS 0x00000000bd900000, 0x00000000bd900000| Untracked 
| 986|0x00000000bda00000, 0x00000000bda00000, 0x00000000bdb00000|  0%| F|  |TAMS 0x00000000bda00000, 0x00000000bda00000| Untracked 
| 987|0x00000000bdb00000, 0x00000000bdb00000, 0x00000000bdc00000|  0%| F|  |TAMS 0x00000000bdb00000, 0x00000000bdb00000| Untracked 
| 988|0x00000000bdc00000, 0x00000000bdc00000, 0x00000000bdd00000|  0%| F|  |TAMS 0x00000000bdc00000, 0x00000000bdc00000| Untracked 
| 989|0x00000000bdd00000, 0x00000000bdd00000, 0x00000000bde00000|  0%| F|  |TAMS 0x00000000bdd00000, 0x00000000bdd00000| Untracked 
| 990|0x00000000bde00000, 0x00000000bde00000, 0x00000000bdf00000|  0%| F|  |TAMS 0x00000000bde00000, 0x00000000bde00000| Untracked 
| 991|0x00000000bdf00000, 0x00000000bdf00000, 0x00000000be000000|  0%| F|  |TAMS 0x00000000bdf00000, 0x00000000bdf00000| Untracked 
| 992|0x00000000be000000, 0x00000000be000000, 0x00000000be100000|  0%| F|  |TAMS 0x00000000be000000, 0x00000000be000000| Untracked 
| 993|0x00000000be100000, 0x00000000be100000, 0x00000000be200000|  0%| F|  |TAMS 0x00000000be100000, 0x00000000be100000| Untracked 
| 994|0x00000000be200000, 0x00000000be200000, 0x00000000be300000|  0%| F|  |TAMS 0x00000000be200000, 0x00000000be200000| Untracked 
| 995|0x00000000be300000, 0x00000000be300000, 0x00000000be400000|  0%| F|  |TAMS 0x00000000be300000, 0x00000000be300000| Untracked 
| 996|0x00000000be400000, 0x00000000be400000, 0x00000000be500000|  0%| F|  |TAMS 0x00000000be400000, 0x00000000be400000| Untracked 
| 997|0x00000000be500000, 0x00000000be500000, 0x00000000be600000|  0%| F|  |TAMS 0x00000000be500000, 0x00000000be500000| Untracked 
| 998|0x00000000be600000, 0x00000000be600000, 0x00000000be700000|  0%| F|  |TAMS 0x00000000be600000, 0x00000000be600000| Untracked 
| 999|0x00000000be700000, 0x00000000be700000, 0x00000000be800000|  0%| F|  |TAMS 0x00000000be700000, 0x00000000be700000| Untracked 
|1000|0x00000000be800000, 0x00000000be800000, 0x00000000be900000|  0%| F|  |TAMS 0x00000000be800000, 0x00000000be800000| Untracked 
|1001|0x00000000be900000, 0x00000000be900000, 0x00000000bea00000|  0%| F|  |TAMS 0x00000000be900000, 0x00000000be900000| Untracked 
|1002|0x00000000bea00000, 0x00000000bea00000, 0x00000000beb00000|  0%| F|  |TAMS 0x00000000bea00000, 0x00000000bea00000| Untracked 
|1003|0x00000000beb00000, 0x00000000beb00000, 0x00000000bec00000|  0%| F|  |TAMS 0x00000000beb00000, 0x00000000beb00000| Untracked 
|1004|0x00000000bec00000, 0x00000000bec00000, 0x00000000bed00000|  0%| F|  |TAMS 0x00000000bec00000, 0x00000000bec00000| Untracked 
|1005|0x00000000bed00000, 0x00000000bed00000, 0x00000000bee00000|  0%| F|  |TAMS 0x00000000bed00000, 0x00000000bed00000| Untracked 
|1006|0x00000000bee00000, 0x00000000bee00000, 0x00000000bef00000|  0%| F|  |TAMS 0x00000000bee00000, 0x00000000bee00000| Untracked 
|1007|0x00000000bef00000, 0x00000000bef00000, 0x00000000bf000000|  0%| F|  |TAMS 0x00000000bef00000, 0x00000000bef00000| Untracked 
|1008|0x00000000bf000000, 0x00000000bf000000, 0x00000000bf100000|  0%| F|  |TAMS 0x00000000bf000000, 0x00000000bf000000| Untracked 
|1009|0x00000000bf100000, 0x00000000bf100000, 0x00000000bf200000|  0%| F|  |TAMS 0x00000000bf100000, 0x00000000bf100000| Untracked 
|1010|0x00000000bf200000, 0x00000000bf200000, 0x00000000bf300000|  0%| F|  |TAMS 0x00000000bf200000, 0x00000000bf200000| Untracked 
|1011|0x00000000bf300000, 0x00000000bf300000, 0x00000000bf400000|  0%| F|  |TAMS 0x00000000bf300000, 0x00000000bf300000| Untracked 
|1012|0x00000000bf400000, 0x00000000bf400000, 0x00000000bf500000|  0%| F|  |TAMS 0x00000000bf400000, 0x00000000bf400000| Untracked 
|1013|0x00000000bf500000, 0x00000000bf500000, 0x00000000bf600000|  0%| F|  |TAMS 0x00000000bf500000, 0x00000000bf500000| Untracked 
|1014|0x00000000bf600000, 0x00000000bf600000, 0x00000000bf700000|  0%| F|  |TAMS 0x00000000bf600000, 0x00000000bf600000| Untracked 
|1015|0x00000000bf700000, 0x00000000bf700000, 0x00000000bf800000|  0%| F|  |TAMS 0x00000000bf700000, 0x00000000bf700000| Untracked 
|1016|0x00000000bf800000, 0x00000000bf800000, 0x00000000bf900000|  0%| F|  |TAMS 0x00000000bf800000, 0x00000000bf800000| Untracked 
|1017|0x00000000bf900000, 0x00000000bf900000, 0x00000000bfa00000|  0%| F|  |TAMS 0x00000000bf900000, 0x00000000bf900000| Untracked 
|1018|0x00000000bfa00000, 0x00000000bfa00000, 0x00000000bfb00000|  0%| F|  |TAMS 0x00000000bfa00000, 0x00000000bfa00000| Untracked 
|1019|0x00000000bfb00000, 0x00000000bfb00000, 0x00000000bfc00000|  0%| F|  |TAMS 0x00000000bfb00000, 0x00000000bfb00000| Untracked 
|1020|0x00000000bfc00000, 0x00000000bfc00000, 0x00000000bfd00000|  0%| F|  |TAMS 0x00000000bfc00000, 0x00000000bfc00000| Untracked 
|1021|0x00000000bfd00000, 0x00000000bfd00000, 0x00000000bfe00000|  0%| F|  |TAMS 0x00000000bfd00000, 0x00000000bfd00000| Untracked 
|1022|0x00000000bfe00000, 0x00000000bfe00000, 0x00000000bff00000|  0%| F|  |TAMS 0x00000000bfe00000, 0x00000000bfe00000| Untracked 
|1023|0x00000000bff00000, 0x00000000bff00000, 0x00000000c0000000|  0%| F|  |TAMS 0x00000000bff00000, 0x00000000bff00000| Untracked 
|1024|0x00000000c0000000, 0x00000000c0000000, 0x00000000c0100000|  0%| F|  |TAMS 0x00000000c0000000, 0x00000000c0000000| Untracked 
|1025|0x00000000c0100000, 0x00000000c0100000, 0x00000000c0200000|  0%| F|  |TAMS 0x00000000c0100000, 0x00000000c0100000| Untracked 
|1026|0x00000000c0200000, 0x00000000c0200000, 0x00000000c0300000|  0%| F|  |TAMS 0x00000000c0200000, 0x00000000c0200000| Untracked 
|1027|0x00000000c0300000, 0x00000000c0300000, 0x00000000c0400000|  0%| F|  |TAMS 0x00000000c0300000, 0x00000000c0300000| Untracked 
|1028|0x00000000c0400000, 0x00000000c0400000, 0x00000000c0500000|  0%| F|  |TAMS 0x00000000c0400000, 0x00000000c0400000| Untracked 
|1029|0x00000000c0500000, 0x00000000c0500000, 0x00000000c0600000|  0%| F|  |TAMS 0x00000000c0500000, 0x00000000c0500000| Untracked 
|1030|0x00000000c0600000, 0x00000000c0600000, 0x00000000c0700000|  0%| F|  |TAMS 0x00000000c0600000, 0x00000000c0600000| Untracked 
|1031|0x00000000c0700000, 0x00000000c0700000, 0x00000000c0800000|  0%| F|  |TAMS 0x00000000c0700000, 0x00000000c0700000| Untracked 
|1032|0x00000000c0800000, 0x00000000c0800000, 0x00000000c0900000|  0%| F|  |TAMS 0x00000000c0800000, 0x00000000c0800000| Untracked 
|1033|0x00000000c0900000, 0x00000000c0900000, 0x00000000c0a00000|  0%| F|  |TAMS 0x00000000c0900000, 0x00000000c0900000| Untracked 
|1034|0x00000000c0a00000, 0x00000000c0a00000, 0x00000000c0b00000|  0%| F|  |TAMS 0x00000000c0a00000, 0x00000000c0a00000| Untracked 
|1035|0x00000000c0b00000, 0x00000000c0b00000, 0x00000000c0c00000|  0%| F|  |TAMS 0x00000000c0b00000, 0x00000000c0b00000| Untracked 
|1036|0x00000000c0c00000, 0x00000000c0c00000, 0x00000000c0d00000|  0%| F|  |TAMS 0x00000000c0c00000, 0x00000000c0c00000| Untracked 
|1037|0x00000000c0d00000, 0x00000000c0d00000, 0x00000000c0e00000|  0%| F|  |TAMS 0x00000000c0d00000, 0x00000000c0d00000| Untracked 
|1038|0x00000000c0e00000, 0x00000000c0e00000, 0x00000000c0f00000|  0%| F|  |TAMS 0x00000000c0e00000, 0x00000000c0e00000| Untracked 
|1039|0x00000000c0f00000, 0x00000000c0f00000, 0x00000000c1000000|  0%| F|  |TAMS 0x00000000c0f00000, 0x00000000c0f00000| Untracked 
|1040|0x00000000c1000000, 0x00000000c1000000, 0x00000000c1100000|  0%| F|  |TAMS 0x00000000c1000000, 0x00000000c1000000| Untracked 
|1041|0x00000000c1100000, 0x00000000c1100000, 0x00000000c1200000|  0%| F|  |TAMS 0x00000000c1100000, 0x00000000c1100000| Untracked 
|1042|0x00000000c1200000, 0x00000000c1200000, 0x00000000c1300000|  0%| F|  |TAMS 0x00000000c1200000, 0x00000000c1200000| Untracked 
|1043|0x00000000c1300000, 0x00000000c1300000, 0x00000000c1400000|  0%| F|  |TAMS 0x00000000c1300000, 0x00000000c1300000| Untracked 
|1044|0x00000000c1400000, 0x00000000c1400000, 0x00000000c1500000|  0%| F|  |TAMS 0x00000000c1400000, 0x00000000c1400000| Untracked 
|1045|0x00000000c1500000, 0x00000000c1500000, 0x00000000c1600000|  0%| F|  |TAMS 0x00000000c1500000, 0x00000000c1500000| Untracked 
|1046|0x00000000c1600000, 0x00000000c1600000, 0x00000000c1700000|  0%| F|  |TAMS 0x00000000c1600000, 0x00000000c1600000| Untracked 
|1047|0x00000000c1700000, 0x00000000c1700000, 0x00000000c1800000|  0%| F|  |TAMS 0x00000000c1700000, 0x00000000c1700000| Untracked 
|1048|0x00000000c1800000, 0x00000000c1800000, 0x00000000c1900000|  0%| F|  |TAMS 0x00000000c1800000, 0x00000000c1800000| Untracked 
|1049|0x00000000c1900000, 0x00000000c1900000, 0x00000000c1a00000|  0%| F|  |TAMS 0x00000000c1900000, 0x00000000c1900000| Untracked 
|1050|0x00000000c1a00000, 0x00000000c1a00000, 0x00000000c1b00000|  0%| F|  |TAMS 0x00000000c1a00000, 0x00000000c1a00000| Untracked 
|1051|0x00000000c1b00000, 0x00000000c1b00000, 0x00000000c1c00000|  0%| F|  |TAMS 0x00000000c1b00000, 0x00000000c1b00000| Untracked 
|1052|0x00000000c1c00000, 0x00000000c1c00000, 0x00000000c1d00000|  0%| F|  |TAMS 0x00000000c1c00000, 0x00000000c1c00000| Untracked 
|1053|0x00000000c1d00000, 0x00000000c1d00000, 0x00000000c1e00000|  0%| F|  |TAMS 0x00000000c1d00000, 0x00000000c1d00000| Untracked 
|1054|0x00000000c1e00000, 0x00000000c1e00000, 0x00000000c1f00000|  0%| F|  |TAMS 0x00000000c1e00000, 0x00000000c1e00000| Untracked 
|1055|0x00000000c1f00000, 0x00000000c1f00000, 0x00000000c2000000|  0%| F|  |TAMS 0x00000000c1f00000, 0x00000000c1f00000| Untracked 
|1056|0x00000000c2000000, 0x00000000c2000000, 0x00000000c2100000|  0%| F|  |TAMS 0x00000000c2000000, 0x00000000c2000000| Untracked 
|1057|0x00000000c2100000, 0x00000000c2100000, 0x00000000c2200000|  0%| F|  |TAMS 0x00000000c2100000, 0x00000000c2100000| Untracked 
|1058|0x00000000c2200000, 0x00000000c2200000, 0x00000000c2300000|  0%| F|  |TAMS 0x00000000c2200000, 0x00000000c2200000| Untracked 
|1059|0x00000000c2300000, 0x00000000c2300000, 0x00000000c2400000|  0%| F|  |TAMS 0x00000000c2300000, 0x00000000c2300000| Untracked 
|1060|0x00000000c2400000, 0x00000000c2400000, 0x00000000c2500000|  0%| F|  |TAMS 0x00000000c2400000, 0x00000000c2400000| Untracked 
|1061|0x00000000c2500000, 0x00000000c2500000, 0x00000000c2600000|  0%| F|  |TAMS 0x00000000c2500000, 0x00000000c2500000| Untracked 
|1062|0x00000000c2600000, 0x00000000c2600000, 0x00000000c2700000|  0%| F|  |TAMS 0x00000000c2600000, 0x00000000c2600000| Untracked 
|1063|0x00000000c2700000, 0x00000000c2700000, 0x00000000c2800000|  0%| F|  |TAMS 0x00000000c2700000, 0x00000000c2700000| Untracked 
|1064|0x00000000c2800000, 0x00000000c2800000, 0x00000000c2900000|  0%| F|  |TAMS 0x00000000c2800000, 0x00000000c2800000| Untracked 
|1065|0x00000000c2900000, 0x00000000c2900000, 0x00000000c2a00000|  0%| F|  |TAMS 0x00000000c2900000, 0x00000000c2900000| Untracked 
|1066|0x00000000c2a00000, 0x00000000c2a00000, 0x00000000c2b00000|  0%| F|  |TAMS 0x00000000c2a00000, 0x00000000c2a00000| Untracked 
|1067|0x00000000c2b00000, 0x00000000c2b00000, 0x00000000c2c00000|  0%| F|  |TAMS 0x00000000c2b00000, 0x00000000c2b00000| Untracked 
|1068|0x00000000c2c00000, 0x00000000c2c00000, 0x00000000c2d00000|  0%| F|  |TAMS 0x00000000c2c00000, 0x00000000c2c00000| Untracked 
|1069|0x00000000c2d00000, 0x00000000c2d00000, 0x00000000c2e00000|  0%| F|  |TAMS 0x00000000c2d00000, 0x00000000c2d00000| Untracked 
|1070|0x00000000c2e00000, 0x00000000c2e00000, 0x00000000c2f00000|  0%| F|  |TAMS 0x00000000c2e00000, 0x00000000c2e00000| Untracked 
|1071|0x00000000c2f00000, 0x00000000c2f00000, 0x00000000c3000000|  0%| F|  |TAMS 0x00000000c2f00000, 0x00000000c2f00000| Untracked 
|1072|0x00000000c3000000, 0x00000000c3000000, 0x00000000c3100000|  0%| F|  |TAMS 0x00000000c3000000, 0x00000000c3000000| Untracked 
|1073|0x00000000c3100000, 0x00000000c3100000, 0x00000000c3200000|  0%| F|  |TAMS 0x00000000c3100000, 0x00000000c3100000| Untracked 
|1074|0x00000000c3200000, 0x00000000c3200000, 0x00000000c3300000|  0%| F|  |TAMS 0x00000000c3200000, 0x00000000c3200000| Untracked 
|1075|0x00000000c3300000, 0x00000000c3300000, 0x00000000c3400000|  0%| F|  |TAMS 0x00000000c3300000, 0x00000000c3300000| Untracked 
|1076|0x00000000c3400000, 0x00000000c3400000, 0x00000000c3500000|  0%| F|  |TAMS 0x00000000c3400000, 0x00000000c3400000| Untracked 
|1077|0x00000000c3500000, 0x00000000c3500000, 0x00000000c3600000|  0%| F|  |TAMS 0x00000000c3500000, 0x00000000c3500000| Untracked 
|1078|0x00000000c3600000, 0x00000000c3600000, 0x00000000c3700000|  0%| F|  |TAMS 0x00000000c3600000, 0x00000000c3600000| Untracked 
|1079|0x00000000c3700000, 0x00000000c3700000, 0x00000000c3800000|  0%| F|  |TAMS 0x00000000c3700000, 0x00000000c3700000| Untracked 
|1080|0x00000000c3800000, 0x00000000c3800000, 0x00000000c3900000|  0%| F|  |TAMS 0x00000000c3800000, 0x00000000c3800000| Untracked 
|1081|0x00000000c3900000, 0x00000000c3900000, 0x00000000c3a00000|  0%| F|  |TAMS 0x00000000c3900000, 0x00000000c3900000| Untracked 
|1082|0x00000000c3a00000, 0x00000000c3a00000, 0x00000000c3b00000|  0%| F|  |TAMS 0x00000000c3a00000, 0x00000000c3a00000| Untracked 
|1083|0x00000000c3b00000, 0x00000000c3b00000, 0x00000000c3c00000|  0%| F|  |TAMS 0x00000000c3b00000, 0x00000000c3b00000| Untracked 
|1084|0x00000000c3c00000, 0x00000000c3c00000, 0x00000000c3d00000|  0%| F|  |TAMS 0x00000000c3c00000, 0x00000000c3c00000| Untracked 
|1085|0x00000000c3d00000, 0x00000000c3d00000, 0x00000000c3e00000|  0%| F|  |TAMS 0x00000000c3d00000, 0x00000000c3d00000| Untracked 
|1086|0x00000000c3e00000, 0x00000000c3e00000, 0x00000000c3f00000|  0%| F|  |TAMS 0x00000000c3e00000, 0x00000000c3e00000| Untracked 
|1087|0x00000000c3f00000, 0x00000000c3f00000, 0x00000000c4000000|  0%| F|  |TAMS 0x00000000c3f00000, 0x00000000c3f00000| Untracked 
|1088|0x00000000c4000000, 0x00000000c4000000, 0x00000000c4100000|  0%| F|  |TAMS 0x00000000c4000000, 0x00000000c4000000| Untracked 
|1089|0x00000000c4100000, 0x00000000c4100000, 0x00000000c4200000|  0%| F|  |TAMS 0x00000000c4100000, 0x00000000c4100000| Untracked 
|1090|0x00000000c4200000, 0x00000000c4200000, 0x00000000c4300000|  0%| F|  |TAMS 0x00000000c4200000, 0x00000000c4200000| Untracked 
|1091|0x00000000c4300000, 0x00000000c4300000, 0x00000000c4400000|  0%| F|  |TAMS 0x00000000c4300000, 0x00000000c4300000| Untracked 
|1092|0x00000000c4400000, 0x00000000c4400000, 0x00000000c4500000|  0%| F|  |TAMS 0x00000000c4400000, 0x00000000c4400000| Untracked 
|1093|0x00000000c4500000, 0x00000000c4500000, 0x00000000c4600000|  0%| F|  |TAMS 0x00000000c4500000, 0x00000000c4500000| Untracked 
|1094|0x00000000c4600000, 0x00000000c4600000, 0x00000000c4700000|  0%| F|  |TAMS 0x00000000c4600000, 0x00000000c4600000| Untracked 
|1095|0x00000000c4700000, 0x00000000c4700000, 0x00000000c4800000|  0%| F|  |TAMS 0x00000000c4700000, 0x00000000c4700000| Untracked 
|1096|0x00000000c4800000, 0x00000000c4800000, 0x00000000c4900000|  0%| F|  |TAMS 0x00000000c4800000, 0x00000000c4800000| Untracked 
|1097|0x00000000c4900000, 0x00000000c4900000, 0x00000000c4a00000|  0%| F|  |TAMS 0x00000000c4900000, 0x00000000c4900000| Untracked 
|1098|0x00000000c4a00000, 0x00000000c4a00000, 0x00000000c4b00000|  0%| F|  |TAMS 0x00000000c4a00000, 0x00000000c4a00000| Untracked 
|1099|0x00000000c4b00000, 0x00000000c4b00000, 0x00000000c4c00000|  0%| F|  |TAMS 0x00000000c4b00000, 0x00000000c4b00000| Untracked 
|1100|0x00000000c4c00000, 0x00000000c4c00000, 0x00000000c4d00000|  0%| F|  |TAMS 0x00000000c4c00000, 0x00000000c4c00000| Untracked 
|1101|0x00000000c4d00000, 0x00000000c4d00000, 0x00000000c4e00000|  0%| F|  |TAMS 0x00000000c4d00000, 0x00000000c4d00000| Untracked 
|1102|0x00000000c4e00000, 0x00000000c4e00000, 0x00000000c4f00000|  0%| F|  |TAMS 0x00000000c4e00000, 0x00000000c4e00000| Untracked 
|1103|0x00000000c4f00000, 0x00000000c4f00000, 0x00000000c5000000|  0%| F|  |TAMS 0x00000000c4f00000, 0x00000000c4f00000| Untracked 
|1104|0x00000000c5000000, 0x00000000c5000000, 0x00000000c5100000|  0%| F|  |TAMS 0x00000000c5000000, 0x00000000c5000000| Untracked 
|1105|0x00000000c5100000, 0x00000000c5100000, 0x00000000c5200000|  0%| F|  |TAMS 0x00000000c5100000, 0x00000000c5100000| Untracked 
|1106|0x00000000c5200000, 0x00000000c5200000, 0x00000000c5300000|  0%| F|  |TAMS 0x00000000c5200000, 0x00000000c5200000| Untracked 
|1107|0x00000000c5300000, 0x00000000c5300000, 0x00000000c5400000|  0%| F|  |TAMS 0x00000000c5300000, 0x00000000c5300000| Untracked 
|1108|0x00000000c5400000, 0x00000000c5400000, 0x00000000c5500000|  0%| F|  |TAMS 0x00000000c5400000, 0x00000000c5400000| Untracked 
|1109|0x00000000c5500000, 0x00000000c5500000, 0x00000000c5600000|  0%| F|  |TAMS 0x00000000c5500000, 0x00000000c5500000| Untracked 
|1110|0x00000000c5600000, 0x00000000c5600000, 0x00000000c5700000|  0%| F|  |TAMS 0x00000000c5600000, 0x00000000c5600000| Untracked 
|1111|0x00000000c5700000, 0x00000000c5700000, 0x00000000c5800000|  0%| F|  |TAMS 0x00000000c5700000, 0x00000000c5700000| Untracked 
|1112|0x00000000c5800000, 0x00000000c5800000, 0x00000000c5900000|  0%| F|  |TAMS 0x00000000c5800000, 0x00000000c5800000| Untracked 
|1113|0x00000000c5900000, 0x00000000c5900000, 0x00000000c5a00000|  0%| F|  |TAMS 0x00000000c5900000, 0x00000000c5900000| Untracked 
|1114|0x00000000c5a00000, 0x00000000c5a00000, 0x00000000c5b00000|  0%| F|  |TAMS 0x00000000c5a00000, 0x00000000c5a00000| Untracked 
|1115|0x00000000c5b00000, 0x00000000c5b00000, 0x00000000c5c00000|  0%| F|  |TAMS 0x00000000c5b00000, 0x00000000c5b00000| Untracked 
|1116|0x00000000c5c00000, 0x00000000c5c00000, 0x00000000c5d00000|  0%| F|  |TAMS 0x00000000c5c00000, 0x00000000c5c00000| Untracked 
|1117|0x00000000c5d00000, 0x00000000c5d00000, 0x00000000c5e00000|  0%| F|  |TAMS 0x00000000c5d00000, 0x00000000c5d00000| Untracked 
|1118|0x00000000c5e00000, 0x00000000c5e00000, 0x00000000c5f00000|  0%| F|  |TAMS 0x00000000c5e00000, 0x00000000c5e00000| Untracked 
|1119|0x00000000c5f00000, 0x00000000c5f00000, 0x00000000c6000000|  0%| F|  |TAMS 0x00000000c5f00000, 0x00000000c5f00000| Untracked 
|1120|0x00000000c6000000, 0x00000000c6000000, 0x00000000c6100000|  0%| F|  |TAMS 0x00000000c6000000, 0x00000000c6000000| Untracked 
|1121|0x00000000c6100000, 0x00000000c6100000, 0x00000000c6200000|  0%| F|  |TAMS 0x00000000c6100000, 0x00000000c6100000| Untracked 
|1122|0x00000000c6200000, 0x00000000c6200000, 0x00000000c6300000|  0%| F|  |TAMS 0x00000000c6200000, 0x00000000c6200000| Untracked 
|1123|0x00000000c6300000, 0x00000000c6300000, 0x00000000c6400000|  0%| F|  |TAMS 0x00000000c6300000, 0x00000000c6300000| Untracked 
|1124|0x00000000c6400000, 0x00000000c6400000, 0x00000000c6500000|  0%| F|  |TAMS 0x00000000c6400000, 0x00000000c6400000| Untracked 
|1125|0x00000000c6500000, 0x00000000c6500000, 0x00000000c6600000|  0%| F|  |TAMS 0x00000000c6500000, 0x00000000c6500000| Untracked 
|1126|0x00000000c6600000, 0x00000000c6600000, 0x00000000c6700000|  0%| F|  |TAMS 0x00000000c6600000, 0x00000000c6600000| Untracked 
|1127|0x00000000c6700000, 0x00000000c6700000, 0x00000000c6800000|  0%| F|  |TAMS 0x00000000c6700000, 0x00000000c6700000| Untracked 
|1128|0x00000000c6800000, 0x00000000c6800000, 0x00000000c6900000|  0%| F|  |TAMS 0x00000000c6800000, 0x00000000c6800000| Untracked 
|1129|0x00000000c6900000, 0x00000000c6900000, 0x00000000c6a00000|  0%| F|  |TAMS 0x00000000c6900000, 0x00000000c6900000| Untracked 
|1130|0x00000000c6a00000, 0x00000000c6a00000, 0x00000000c6b00000|  0%| F|  |TAMS 0x00000000c6a00000, 0x00000000c6a00000| Untracked 
|1131|0x00000000c6b00000, 0x00000000c6b00000, 0x00000000c6c00000|  0%| F|  |TAMS 0x00000000c6b00000, 0x00000000c6b00000| Untracked 
|1132|0x00000000c6c00000, 0x00000000c6c00000, 0x00000000c6d00000|  0%| F|  |TAMS 0x00000000c6c00000, 0x00000000c6c00000| Untracked 
|1133|0x00000000c6d00000, 0x00000000c6d00000, 0x00000000c6e00000|  0%| F|  |TAMS 0x00000000c6d00000, 0x00000000c6d00000| Untracked 
|1134|0x00000000c6e00000, 0x00000000c6e00000, 0x00000000c6f00000|  0%| F|  |TAMS 0x00000000c6e00000, 0x00000000c6e00000| Untracked 
|1135|0x00000000c6f00000, 0x00000000c6f00000, 0x00000000c7000000|  0%| F|  |TAMS 0x00000000c6f00000, 0x00000000c6f00000| Untracked 
|1136|0x00000000c7000000, 0x00000000c7000000, 0x00000000c7100000|  0%| F|  |TAMS 0x00000000c7000000, 0x00000000c7000000| Untracked 
|1137|0x00000000c7100000, 0x00000000c7100000, 0x00000000c7200000|  0%| F|  |TAMS 0x00000000c7100000, 0x00000000c7100000| Untracked 
|1138|0x00000000c7200000, 0x00000000c7200000, 0x00000000c7300000|  0%| F|  |TAMS 0x00000000c7200000, 0x00000000c7200000| Untracked 
|1139|0x00000000c7300000, 0x00000000c7300000, 0x00000000c7400000|  0%| F|  |TAMS 0x00000000c7300000, 0x00000000c7300000| Untracked 
|1140|0x00000000c7400000, 0x00000000c7400000, 0x00000000c7500000|  0%| F|  |TAMS 0x00000000c7400000, 0x00000000c7400000| Untracked 
|1141|0x00000000c7500000, 0x00000000c7500000, 0x00000000c7600000|  0%| F|  |TAMS 0x00000000c7500000, 0x00000000c7500000| Untracked 
|1142|0x00000000c7600000, 0x00000000c7600000, 0x00000000c7700000|  0%| F|  |TAMS 0x00000000c7600000, 0x00000000c7600000| Untracked 
|1143|0x00000000c7700000, 0x00000000c7700000, 0x00000000c7800000|  0%| F|  |TAMS 0x00000000c7700000, 0x00000000c7700000| Untracked 
|1144|0x00000000c7800000, 0x00000000c7800000, 0x00000000c7900000|  0%| F|  |TAMS 0x00000000c7800000, 0x00000000c7800000| Untracked 
|1145|0x00000000c7900000, 0x00000000c7900000, 0x00000000c7a00000|  0%| F|  |TAMS 0x00000000c7900000, 0x00000000c7900000| Untracked 
|1146|0x00000000c7a00000, 0x00000000c7a00000, 0x00000000c7b00000|  0%| F|  |TAMS 0x00000000c7a00000, 0x00000000c7a00000| Untracked 
|1147|0x00000000c7b00000, 0x00000000c7b00000, 0x00000000c7c00000|  0%| F|  |TAMS 0x00000000c7b00000, 0x00000000c7b00000| Untracked 
|1148|0x00000000c7c00000, 0x00000000c7c00000, 0x00000000c7d00000|  0%| F|  |TAMS 0x00000000c7c00000, 0x00000000c7c00000| Untracked 
|1149|0x00000000c7d00000, 0x00000000c7d00000, 0x00000000c7e00000|  0%| F|  |TAMS 0x00000000c7d00000, 0x00000000c7d00000| Untracked 
|1150|0x00000000c7e00000, 0x00000000c7e00000, 0x00000000c7f00000|  0%| F|  |TAMS 0x00000000c7e00000, 0x00000000c7e00000| Untracked 
|1151|0x00000000c7f00000, 0x00000000c7f00000, 0x00000000c8000000|  0%| F|  |TAMS 0x00000000c7f00000, 0x00000000c7f00000| Untracked 
|1152|0x00000000c8000000, 0x00000000c8000000, 0x00000000c8100000|  0%| F|  |TAMS 0x00000000c8000000, 0x00000000c8000000| Untracked 
|1153|0x00000000c8100000, 0x00000000c8100000, 0x00000000c8200000|  0%| F|  |TAMS 0x00000000c8100000, 0x00000000c8100000| Untracked 
|1154|0x00000000c8200000, 0x00000000c8200000, 0x00000000c8300000|  0%| F|  |TAMS 0x00000000c8200000, 0x00000000c8200000| Untracked 
|1155|0x00000000c8300000, 0x00000000c8300000, 0x00000000c8400000|  0%| F|  |TAMS 0x00000000c8300000, 0x00000000c8300000| Untracked 
|1156|0x00000000c8400000, 0x00000000c8400000, 0x00000000c8500000|  0%| F|  |TAMS 0x00000000c8400000, 0x00000000c8400000| Untracked 
|1157|0x00000000c8500000, 0x00000000c8500000, 0x00000000c8600000|  0%| F|  |TAMS 0x00000000c8500000, 0x00000000c8500000| Untracked 
|1158|0x00000000c8600000, 0x00000000c8600000, 0x00000000c8700000|  0%| F|  |TAMS 0x00000000c8600000, 0x00000000c8600000| Untracked 
|1159|0x00000000c8700000, 0x00000000c8700000, 0x00000000c8800000|  0%| F|  |TAMS 0x00000000c8700000, 0x00000000c8700000| Untracked 
|1160|0x00000000c8800000, 0x00000000c8800000, 0x00000000c8900000|  0%| F|  |TAMS 0x00000000c8800000, 0x00000000c8800000| Untracked 
|1161|0x00000000c8900000, 0x00000000c8900000, 0x00000000c8a00000|  0%| F|  |TAMS 0x00000000c8900000, 0x00000000c8900000| Untracked 
|1162|0x00000000c8a00000, 0x00000000c8a00000, 0x00000000c8b00000|  0%| F|  |TAMS 0x00000000c8a00000, 0x00000000c8a00000| Untracked 
|1163|0x00000000c8b00000, 0x00000000c8b00000, 0x00000000c8c00000|  0%| F|  |TAMS 0x00000000c8b00000, 0x00000000c8b00000| Untracked 
|1164|0x00000000c8c00000, 0x00000000c8c00000, 0x00000000c8d00000|  0%| F|  |TAMS 0x00000000c8c00000, 0x00000000c8c00000| Untracked 
|1165|0x00000000c8d00000, 0x00000000c8d00000, 0x00000000c8e00000|  0%| F|  |TAMS 0x00000000c8d00000, 0x00000000c8d00000| Untracked 
|1166|0x00000000c8e00000, 0x00000000c8e00000, 0x00000000c8f00000|  0%| F|  |TAMS 0x00000000c8e00000, 0x00000000c8e00000| Untracked 
|1167|0x00000000c8f00000, 0x00000000c8f00000, 0x00000000c9000000|  0%| F|  |TAMS 0x00000000c8f00000, 0x00000000c8f00000| Untracked 
|1168|0x00000000c9000000, 0x00000000c9000000, 0x00000000c9100000|  0%| F|  |TAMS 0x00000000c9000000, 0x00000000c9000000| Untracked 
|1169|0x00000000c9100000, 0x00000000c9100000, 0x00000000c9200000|  0%| F|  |TAMS 0x00000000c9100000, 0x00000000c9100000| Untracked 
|1170|0x00000000c9200000, 0x00000000c9200000, 0x00000000c9300000|  0%| F|  |TAMS 0x00000000c9200000, 0x00000000c9200000| Untracked 
|1171|0x00000000c9300000, 0x00000000c9300000, 0x00000000c9400000|  0%| F|  |TAMS 0x00000000c9300000, 0x00000000c9300000| Untracked 
|1172|0x00000000c9400000, 0x00000000c9400000, 0x00000000c9500000|  0%| F|  |TAMS 0x00000000c9400000, 0x00000000c9400000| Untracked 
|1173|0x00000000c9500000, 0x00000000c9500000, 0x00000000c9600000|  0%| F|  |TAMS 0x00000000c9500000, 0x00000000c9500000| Untracked 
|1174|0x00000000c9600000, 0x00000000c9600000, 0x00000000c9700000|  0%| F|  |TAMS 0x00000000c9600000, 0x00000000c9600000| Untracked 
|1175|0x00000000c9700000, 0x00000000c9700000, 0x00000000c9800000|  0%| F|  |TAMS 0x00000000c9700000, 0x00000000c9700000| Untracked 
|1176|0x00000000c9800000, 0x00000000c9800000, 0x00000000c9900000|  0%| F|  |TAMS 0x00000000c9800000, 0x00000000c9800000| Untracked 
|1177|0x00000000c9900000, 0x00000000c9900000, 0x00000000c9a00000|  0%| F|  |TAMS 0x00000000c9900000, 0x00000000c9900000| Untracked 
|1178|0x00000000c9a00000, 0x00000000c9a00000, 0x00000000c9b00000|  0%| F|  |TAMS 0x00000000c9a00000, 0x00000000c9a00000| Untracked 
|1179|0x00000000c9b00000, 0x00000000c9b00000, 0x00000000c9c00000|  0%| F|  |TAMS 0x00000000c9b00000, 0x00000000c9b00000| Untracked 
|1180|0x00000000c9c00000, 0x00000000c9c00000, 0x00000000c9d00000|  0%| F|  |TAMS 0x00000000c9c00000, 0x00000000c9c00000| Untracked 
|1181|0x00000000c9d00000, 0x00000000c9d00000, 0x00000000c9e00000|  0%| F|  |TAMS 0x00000000c9d00000, 0x00000000c9d00000| Untracked 
|1182|0x00000000c9e00000, 0x00000000c9e00000, 0x00000000c9f00000|  0%| F|  |TAMS 0x00000000c9e00000, 0x00000000c9e00000| Untracked 
|1183|0x00000000c9f00000, 0x00000000c9f00000, 0x00000000ca000000|  0%| F|  |TAMS 0x00000000c9f00000, 0x00000000c9f00000| Untracked 
|1184|0x00000000ca000000, 0x00000000ca000000, 0x00000000ca100000|  0%| F|  |TAMS 0x00000000ca000000, 0x00000000ca000000| Untracked 
|1185|0x00000000ca100000, 0x00000000ca100000, 0x00000000ca200000|  0%| F|  |TAMS 0x00000000ca100000, 0x00000000ca100000| Untracked 
|1186|0x00000000ca200000, 0x00000000ca200000, 0x00000000ca300000|  0%| F|  |TAMS 0x00000000ca200000, 0x00000000ca200000| Untracked 
|1187|0x00000000ca300000, 0x00000000ca300000, 0x00000000ca400000|  0%| F|  |TAMS 0x00000000ca300000, 0x00000000ca300000| Untracked 
|1188|0x00000000ca400000, 0x00000000ca400000, 0x00000000ca500000|  0%| F|  |TAMS 0x00000000ca400000, 0x00000000ca400000| Untracked 
|1189|0x00000000ca500000, 0x00000000ca500000, 0x00000000ca600000|  0%| F|  |TAMS 0x00000000ca500000, 0x00000000ca500000| Untracked 
|1190|0x00000000ca600000, 0x00000000ca600000, 0x00000000ca700000|  0%| F|  |TAMS 0x00000000ca600000, 0x00000000ca600000| Untracked 
|1191|0x00000000ca700000, 0x00000000ca700000, 0x00000000ca800000|  0%| F|  |TAMS 0x00000000ca700000, 0x00000000ca700000| Untracked 
|1192|0x00000000ca800000, 0x00000000ca800000, 0x00000000ca900000|  0%| F|  |TAMS 0x00000000ca800000, 0x00000000ca800000| Untracked 
|1193|0x00000000ca900000, 0x00000000ca900000, 0x00000000caa00000|  0%| F|  |TAMS 0x00000000ca900000, 0x00000000ca900000| Untracked 
|1194|0x00000000caa00000, 0x00000000caa00000, 0x00000000cab00000|  0%| F|  |TAMS 0x00000000caa00000, 0x00000000caa00000| Untracked 
|1195|0x00000000cab00000, 0x00000000cab00000, 0x00000000cac00000|  0%| F|  |TAMS 0x00000000cab00000, 0x00000000cab00000| Untracked 
|1196|0x00000000cac00000, 0x00000000cac00000, 0x00000000cad00000|  0%| F|  |TAMS 0x00000000cac00000, 0x00000000cac00000| Untracked 
|1197|0x00000000cad00000, 0x00000000cad00000, 0x00000000cae00000|  0%| F|  |TAMS 0x00000000cad00000, 0x00000000cad00000| Untracked 
|1198|0x00000000cae00000, 0x00000000cae00000, 0x00000000caf00000|  0%| F|  |TAMS 0x00000000cae00000, 0x00000000cae00000| Untracked 
|1199|0x00000000caf00000, 0x00000000caf00000, 0x00000000cb000000|  0%| F|  |TAMS 0x00000000caf00000, 0x00000000caf00000| Untracked 
|1200|0x00000000cb000000, 0x00000000cb000000, 0x00000000cb100000|  0%| F|  |TAMS 0x00000000cb000000, 0x00000000cb000000| Untracked 
|1201|0x00000000cb100000, 0x00000000cb100000, 0x00000000cb200000|  0%| F|  |TAMS 0x00000000cb100000, 0x00000000cb100000| Untracked 
|1202|0x00000000cb200000, 0x00000000cb200000, 0x00000000cb300000|  0%| F|  |TAMS 0x00000000cb200000, 0x00000000cb200000| Untracked 
|1203|0x00000000cb300000, 0x00000000cb300000, 0x00000000cb400000|  0%| F|  |TAMS 0x00000000cb300000, 0x00000000cb300000| Untracked 
|1204|0x00000000cb400000, 0x00000000cb400000, 0x00000000cb500000|  0%| F|  |TAMS 0x00000000cb400000, 0x00000000cb400000| Untracked 
|1205|0x00000000cb500000, 0x00000000cb500000, 0x00000000cb600000|  0%| F|  |TAMS 0x00000000cb500000, 0x00000000cb500000| Untracked 
|1206|0x00000000cb600000, 0x00000000cb600000, 0x00000000cb700000|  0%| F|  |TAMS 0x00000000cb600000, 0x00000000cb600000| Untracked 
|1207|0x00000000cb700000, 0x00000000cb700000, 0x00000000cb800000|  0%| F|  |TAMS 0x00000000cb700000, 0x00000000cb700000| Untracked 
|1208|0x00000000cb800000, 0x00000000cb800000, 0x00000000cb900000|  0%| F|  |TAMS 0x00000000cb800000, 0x00000000cb800000| Untracked 
|1209|0x00000000cb900000, 0x00000000cb900000, 0x00000000cba00000|  0%| F|  |TAMS 0x00000000cb900000, 0x00000000cb900000| Untracked 
|1210|0x00000000cba00000, 0x00000000cba00000, 0x00000000cbb00000|  0%| F|  |TAMS 0x00000000cba00000, 0x00000000cba00000| Untracked 
|1211|0x00000000cbb00000, 0x00000000cbb00000, 0x00000000cbc00000|  0%| F|  |TAMS 0x00000000cbb00000, 0x00000000cbb00000| Untracked 
|1212|0x00000000cbc00000, 0x00000000cbc00000, 0x00000000cbd00000|  0%| F|  |TAMS 0x00000000cbc00000, 0x00000000cbc00000| Untracked 
|1213|0x00000000cbd00000, 0x00000000cbd00000, 0x00000000cbe00000|  0%| F|  |TAMS 0x00000000cbd00000, 0x00000000cbd00000| Untracked 
|1214|0x00000000cbe00000, 0x00000000cbe00000, 0x00000000cbf00000|  0%| F|  |TAMS 0x00000000cbe00000, 0x00000000cbe00000| Untracked 
|1215|0x00000000cbf00000, 0x00000000cbf00000, 0x00000000cc000000|  0%| F|  |TAMS 0x00000000cbf00000, 0x00000000cbf00000| Untracked 
|1216|0x00000000cc000000, 0x00000000cc000000, 0x00000000cc100000|  0%| F|  |TAMS 0x00000000cc000000, 0x00000000cc000000| Untracked 
|1217|0x00000000cc100000, 0x00000000cc100000, 0x00000000cc200000|  0%| F|  |TAMS 0x00000000cc100000, 0x00000000cc100000| Untracked 
|1218|0x00000000cc200000, 0x00000000cc200000, 0x00000000cc300000|  0%| F|  |TAMS 0x00000000cc200000, 0x00000000cc200000| Untracked 
|1219|0x00000000cc300000, 0x00000000cc300000, 0x00000000cc400000|  0%| F|  |TAMS 0x00000000cc300000, 0x00000000cc300000| Untracked 
|1220|0x00000000cc400000, 0x00000000cc400000, 0x00000000cc500000|  0%| F|  |TAMS 0x00000000cc400000, 0x00000000cc400000| Untracked 
|1221|0x00000000cc500000, 0x00000000cc500000, 0x00000000cc600000|  0%| F|  |TAMS 0x00000000cc500000, 0x00000000cc500000| Untracked 
|1222|0x00000000cc600000, 0x00000000cc600000, 0x00000000cc700000|  0%| F|  |TAMS 0x00000000cc600000, 0x00000000cc600000| Untracked 
|1223|0x00000000cc700000, 0x00000000cc700000, 0x00000000cc800000|  0%| F|  |TAMS 0x00000000cc700000, 0x00000000cc700000| Untracked 
|1224|0x00000000cc800000, 0x00000000cc800000, 0x00000000cc900000|  0%| F|  |TAMS 0x00000000cc800000, 0x00000000cc800000| Untracked 
|1225|0x00000000cc900000, 0x00000000cc900000, 0x00000000cca00000|  0%| F|  |TAMS 0x00000000cc900000, 0x00000000cc900000| Untracked 
|1226|0x00000000cca00000, 0x00000000cca00000, 0x00000000ccb00000|  0%| F|  |TAMS 0x00000000cca00000, 0x00000000cca00000| Untracked 
|1227|0x00000000ccb00000, 0x00000000ccb00000, 0x00000000ccc00000|  0%| F|  |TAMS 0x00000000ccb00000, 0x00000000ccb00000| Untracked 
|1228|0x00000000ccc00000, 0x00000000ccc00000, 0x00000000ccd00000|  0%| F|  |TAMS 0x00000000ccc00000, 0x00000000ccc00000| Untracked 
|1229|0x00000000ccd00000, 0x00000000ccd00000, 0x00000000cce00000|  0%| F|  |TAMS 0x00000000ccd00000, 0x00000000ccd00000| Untracked 
|1230|0x00000000cce00000, 0x00000000cce00000, 0x00000000ccf00000|  0%| F|  |TAMS 0x00000000cce00000, 0x00000000cce00000| Untracked 
|1231|0x00000000ccf00000, 0x00000000ccf00000, 0x00000000cd000000|  0%| F|  |TAMS 0x00000000ccf00000, 0x00000000ccf00000| Untracked 
|1232|0x00000000cd000000, 0x00000000cd000000, 0x00000000cd100000|  0%| F|  |TAMS 0x00000000cd000000, 0x00000000cd000000| Untracked 
|1233|0x00000000cd100000, 0x00000000cd100000, 0x00000000cd200000|  0%| F|  |TAMS 0x00000000cd100000, 0x00000000cd100000| Untracked 
|1234|0x00000000cd200000, 0x00000000cd200000, 0x00000000cd300000|  0%| F|  |TAMS 0x00000000cd200000, 0x00000000cd200000| Untracked 
|1235|0x00000000cd300000, 0x00000000cd300000, 0x00000000cd400000|  0%| F|  |TAMS 0x00000000cd300000, 0x00000000cd300000| Untracked 
|1236|0x00000000cd400000, 0x00000000cd400000, 0x00000000cd500000|  0%| F|  |TAMS 0x00000000cd400000, 0x00000000cd400000| Untracked 
|1237|0x00000000cd500000, 0x00000000cd500000, 0x00000000cd600000|  0%| F|  |TAMS 0x00000000cd500000, 0x00000000cd500000| Untracked 
|1238|0x00000000cd600000, 0x00000000cd600000, 0x00000000cd700000|  0%| F|  |TAMS 0x00000000cd600000, 0x00000000cd600000| Untracked 
|1239|0x00000000cd700000, 0x00000000cd700000, 0x00000000cd800000|  0%| F|  |TAMS 0x00000000cd700000, 0x00000000cd700000| Untracked 
|1240|0x00000000cd800000, 0x00000000cd800000, 0x00000000cd900000|  0%| F|  |TAMS 0x00000000cd800000, 0x00000000cd800000| Untracked 
|1241|0x00000000cd900000, 0x00000000cd900000, 0x00000000cda00000|  0%| F|  |TAMS 0x00000000cd900000, 0x00000000cd900000| Untracked 
|1242|0x00000000cda00000, 0x00000000cda00000, 0x00000000cdb00000|  0%| F|  |TAMS 0x00000000cda00000, 0x00000000cda00000| Untracked 
|1243|0x00000000cdb00000, 0x00000000cdb00000, 0x00000000cdc00000|  0%| F|  |TAMS 0x00000000cdb00000, 0x00000000cdb00000| Untracked 
|1244|0x00000000cdc00000, 0x00000000cdc00000, 0x00000000cdd00000|  0%| F|  |TAMS 0x00000000cdc00000, 0x00000000cdc00000| Untracked 
|1245|0x00000000cdd00000, 0x00000000cdd00000, 0x00000000cde00000|  0%| F|  |TAMS 0x00000000cdd00000, 0x00000000cdd00000| Untracked 
|1246|0x00000000cde00000, 0x00000000cde00000, 0x00000000cdf00000|  0%| F|  |TAMS 0x00000000cde00000, 0x00000000cde00000| Untracked 
|1247|0x00000000cdf00000, 0x00000000cdf00000, 0x00000000ce000000|  0%| F|  |TAMS 0x00000000cdf00000, 0x00000000cdf00000| Untracked 
|1248|0x00000000ce000000, 0x00000000ce000000, 0x00000000ce100000|  0%| F|  |TAMS 0x00000000ce000000, 0x00000000ce000000| Untracked 
|1249|0x00000000ce100000, 0x00000000ce100000, 0x00000000ce200000|  0%| F|  |TAMS 0x00000000ce100000, 0x00000000ce100000| Untracked 
|1250|0x00000000ce200000, 0x00000000ce200000, 0x00000000ce300000|  0%| F|  |TAMS 0x00000000ce200000, 0x00000000ce200000| Untracked 
|1251|0x00000000ce300000, 0x00000000ce300000, 0x00000000ce400000|  0%| F|  |TAMS 0x00000000ce300000, 0x00000000ce300000| Untracked 
|1252|0x00000000ce400000, 0x00000000ce400000, 0x00000000ce500000|  0%| F|  |TAMS 0x00000000ce400000, 0x00000000ce400000| Untracked 
|1253|0x00000000ce500000, 0x00000000ce500000, 0x00000000ce600000|  0%| F|  |TAMS 0x00000000ce500000, 0x00000000ce500000| Untracked 
|1254|0x00000000ce600000, 0x00000000ce600000, 0x00000000ce700000|  0%| F|  |TAMS 0x00000000ce600000, 0x00000000ce600000| Untracked 
|1255|0x00000000ce700000, 0x00000000ce700000, 0x00000000ce800000|  0%| F|  |TAMS 0x00000000ce700000, 0x00000000ce700000| Untracked 
|1256|0x00000000ce800000, 0x00000000ce800000, 0x00000000ce900000|  0%| F|  |TAMS 0x00000000ce800000, 0x00000000ce800000| Untracked 
|1257|0x00000000ce900000, 0x00000000ce900000, 0x00000000cea00000|  0%| F|  |TAMS 0x00000000ce900000, 0x00000000ce900000| Untracked 
|1258|0x00000000cea00000, 0x00000000cea00000, 0x00000000ceb00000|  0%| F|  |TAMS 0x00000000cea00000, 0x00000000cea00000| Untracked 
|1259|0x00000000ceb00000, 0x00000000ceb00000, 0x00000000cec00000|  0%| F|  |TAMS 0x00000000ceb00000, 0x00000000ceb00000| Untracked 
|1260|0x00000000cec00000, 0x00000000cec00000, 0x00000000ced00000|  0%| F|  |TAMS 0x00000000cec00000, 0x00000000cec00000| Untracked 
|1261|0x00000000ced00000, 0x00000000ced00000, 0x00000000cee00000|  0%| F|  |TAMS 0x00000000ced00000, 0x00000000ced00000| Untracked 
|1262|0x00000000cee00000, 0x00000000cee00000, 0x00000000cef00000|  0%| F|  |TAMS 0x00000000cee00000, 0x00000000cee00000| Untracked 
|1263|0x00000000cef00000, 0x00000000cef00000, 0x00000000cf000000|  0%| F|  |TAMS 0x00000000cef00000, 0x00000000cef00000| Untracked 
|1264|0x00000000cf000000, 0x00000000cf000000, 0x00000000cf100000|  0%| F|  |TAMS 0x00000000cf000000, 0x00000000cf000000| Untracked 
|1265|0x00000000cf100000, 0x00000000cf100000, 0x00000000cf200000|  0%| F|  |TAMS 0x00000000cf100000, 0x00000000cf100000| Untracked 
|1266|0x00000000cf200000, 0x00000000cf200000, 0x00000000cf300000|  0%| F|  |TAMS 0x00000000cf200000, 0x00000000cf200000| Untracked 
|1267|0x00000000cf300000, 0x00000000cf300000, 0x00000000cf400000|  0%| F|  |TAMS 0x00000000cf300000, 0x00000000cf300000| Untracked 
|1268|0x00000000cf400000, 0x00000000cf400000, 0x00000000cf500000|  0%| F|  |TAMS 0x00000000cf400000, 0x00000000cf400000| Untracked 
|1269|0x00000000cf500000, 0x00000000cf500000, 0x00000000cf600000|  0%| F|  |TAMS 0x00000000cf500000, 0x00000000cf500000| Untracked 
|1270|0x00000000cf600000, 0x00000000cf600000, 0x00000000cf700000|  0%| F|  |TAMS 0x00000000cf600000, 0x00000000cf600000| Untracked 
|1271|0x00000000cf700000, 0x00000000cf700000, 0x00000000cf800000|  0%| F|  |TAMS 0x00000000cf700000, 0x00000000cf700000| Untracked 
|1272|0x00000000cf800000, 0x00000000cf800000, 0x00000000cf900000|  0%| F|  |TAMS 0x00000000cf800000, 0x00000000cf800000| Untracked 
|1273|0x00000000cf900000, 0x00000000cf900000, 0x00000000cfa00000|  0%| F|  |TAMS 0x00000000cf900000, 0x00000000cf900000| Untracked 
|1274|0x00000000cfa00000, 0x00000000cfa00000, 0x00000000cfb00000|  0%| F|  |TAMS 0x00000000cfa00000, 0x00000000cfa00000| Untracked 
|1275|0x00000000cfb00000, 0x00000000cfb00000, 0x00000000cfc00000|  0%| F|  |TAMS 0x00000000cfb00000, 0x00000000cfb00000| Untracked 
|1276|0x00000000cfc00000, 0x00000000cfc00000, 0x00000000cfd00000|  0%| F|  |TAMS 0x00000000cfc00000, 0x00000000cfc00000| Untracked 
|1277|0x00000000cfd00000, 0x00000000cfd00000, 0x00000000cfe00000|  0%| F|  |TAMS 0x00000000cfd00000, 0x00000000cfd00000| Untracked 
|1278|0x00000000cfe00000, 0x00000000cfe00000, 0x00000000cff00000|  0%| F|  |TAMS 0x00000000cfe00000, 0x00000000cfe00000| Untracked 
|1279|0x00000000cff00000, 0x00000000cff00000, 0x00000000d0000000|  0%| F|  |TAMS 0x00000000cff00000, 0x00000000cff00000| Untracked 
|1280|0x00000000d0000000, 0x00000000d0000000, 0x00000000d0100000|  0%| F|  |TAMS 0x00000000d0000000, 0x00000000d0000000| Untracked 
|1281|0x00000000d0100000, 0x00000000d0100000, 0x00000000d0200000|  0%| F|  |TAMS 0x00000000d0100000, 0x00000000d0100000| Untracked 
|1282|0x00000000d0200000, 0x00000000d0300000, 0x00000000d0300000|100%| S|CS|TAMS 0x00000000d0200000, 0x00000000d0200000| Complete 
|1283|0x00000000d0300000, 0x00000000d0400000, 0x00000000d0400000|100%| S|CS|TAMS 0x00000000d0300000, 0x00000000d0300000| Complete 
|1284|0x00000000d0400000, 0x00000000d0500000, 0x00000000d0500000|100%| S|CS|TAMS 0x00000000d0400000, 0x00000000d0400000| Complete 
|1285|0x00000000d0500000, 0x00000000d0600000, 0x00000000d0600000|100%| S|CS|TAMS 0x00000000d0500000, 0x00000000d0500000| Complete 
|1286|0x00000000d0600000, 0x00000000d0700000, 0x00000000d0700000|100%| S|CS|TAMS 0x00000000d0600000, 0x00000000d0600000| Complete 
|1287|0x00000000d0700000, 0x00000000d0800000, 0x00000000d0800000|100%| S|CS|TAMS 0x00000000d0700000, 0x00000000d0700000| Complete 
|1288|0x00000000d0800000, 0x00000000d0900000, 0x00000000d0900000|100%| S|CS|TAMS 0x00000000d0800000, 0x00000000d0800000| Complete 
|1289|0x00000000d0900000, 0x00000000d0a00000, 0x00000000d0a00000|100%| S|CS|TAMS 0x00000000d0900000, 0x00000000d0900000| Complete 
|1290|0x00000000d0a00000, 0x00000000d0b00000, 0x00000000d0b00000|100%| S|CS|TAMS 0x00000000d0a00000, 0x00000000d0a00000| Complete 
|1291|0x00000000d0b00000, 0x00000000d0b00000, 0x00000000d0c00000|  0%| F|  |TAMS 0x00000000d0b00000, 0x00000000d0b00000| Untracked 
|1292|0x00000000d0c00000, 0x00000000d0c00000, 0x00000000d0d00000|  0%| F|  |TAMS 0x00000000d0c00000, 0x00000000d0c00000| Untracked 
|1293|0x00000000d0d00000, 0x00000000d0d00000, 0x00000000d0e00000|  0%| F|  |TAMS 0x00000000d0d00000, 0x00000000d0d00000| Untracked 
|1294|0x00000000d0e00000, 0x00000000d0eded90, 0x00000000d0f00000| 87%| E|  |TAMS 0x00000000d0e00000, 0x00000000d0e00000| Complete 
|1295|0x00000000d0f00000, 0x00000000d1000000, 0x00000000d1000000|100%| E|CS|TAMS 0x00000000d0f00000, 0x00000000d0f00000| Complete 
|1296|0x00000000d1000000, 0x00000000d1100000, 0x00000000d1100000|100%| E|CS|TAMS 0x00000000d1000000, 0x00000000d1000000| Complete 
|1297|0x00000000d1100000, 0x00000000d1200000, 0x00000000d1200000|100%| E|CS|TAMS 0x00000000d1100000, 0x00000000d1100000| Complete 
|1298|0x00000000d1200000, 0x00000000d1300000, 0x00000000d1300000|100%| E|CS|TAMS 0x00000000d1200000, 0x00000000d1200000| Complete 
|1299|0x00000000d1300000, 0x00000000d1400000, 0x00000000d1400000|100%| E|CS|TAMS 0x00000000d1300000, 0x00000000d1300000| Complete 
|1300|0x00000000d1400000, 0x00000000d1500000, 0x00000000d1500000|100%| E|CS|TAMS 0x00000000d1400000, 0x00000000d1400000| Complete 
|1301|0x00000000d1500000, 0x00000000d1600000, 0x00000000d1600000|100%| E|CS|TAMS 0x00000000d1500000, 0x00000000d1500000| Complete 
|1302|0x00000000d1600000, 0x00000000d1700000, 0x00000000d1700000|100%| E|CS|TAMS 0x00000000d1600000, 0x00000000d1600000| Complete 
|1303|0x00000000d1700000, 0x00000000d1800000, 0x00000000d1800000|100%| E|CS|TAMS 0x00000000d1700000, 0x00000000d1700000| Complete 
|1304|0x00000000d1800000, 0x00000000d1900000, 0x00000000d1900000|100%| E|CS|TAMS 0x00000000d1800000, 0x00000000d1800000| Complete 
|1305|0x00000000d1900000, 0x00000000d1a00000, 0x00000000d1a00000|100%| E|CS|TAMS 0x00000000d1900000, 0x00000000d1900000| Complete 
|1306|0x00000000d1a00000, 0x00000000d1b00000, 0x00000000d1b00000|100%| E|CS|TAMS 0x00000000d1a00000, 0x00000000d1a00000| Complete 
|1307|0x00000000d1b00000, 0x00000000d1c00000, 0x00000000d1c00000|100%| E|CS|TAMS 0x00000000d1b00000, 0x00000000d1b00000| Complete 
|1308|0x00000000d1c00000, 0x00000000d1d00000, 0x00000000d1d00000|100%| E|CS|TAMS 0x00000000d1c00000, 0x00000000d1c00000| Complete 
|1309|0x00000000d1d00000, 0x00000000d1e00000, 0x00000000d1e00000|100%| E|CS|TAMS 0x00000000d1d00000, 0x00000000d1d00000| Complete 
|1310|0x00000000d1e00000, 0x00000000d1f00000, 0x00000000d1f00000|100%| E|CS|TAMS 0x00000000d1e00000, 0x00000000d1e00000| Complete 
|1311|0x00000000d1f00000, 0x00000000d2000000, 0x00000000d2000000|100%| E|CS|TAMS 0x00000000d1f00000, 0x00000000d1f00000| Complete 
|1312|0x00000000d2000000, 0x00000000d2100000, 0x00000000d2100000|100%| E|CS|TAMS 0x00000000d2000000, 0x00000000d2000000| Complete 
|1313|0x00000000d2100000, 0x00000000d2200000, 0x00000000d2200000|100%| E|CS|TAMS 0x00000000d2100000, 0x00000000d2100000| Complete 
|1314|0x00000000d2200000, 0x00000000d2300000, 0x00000000d2300000|100%| E|  |TAMS 0x00000000d2200000, 0x00000000d2200000| Complete 
|1315|0x00000000d2300000, 0x00000000d2400000, 0x00000000d2400000|100%| E|CS|TAMS 0x00000000d2300000, 0x00000000d2300000| Complete 
|1316|0x00000000d2400000, 0x00000000d2500000, 0x00000000d2500000|100%| E|CS|TAMS 0x00000000d2400000, 0x00000000d2400000| Complete 
|1317|0x00000000d2500000, 0x00000000d2600000, 0x00000000d2600000|100%| E|CS|TAMS 0x00000000d2500000, 0x00000000d2500000| Complete 
|1318|0x00000000d2600000, 0x00000000d2700000, 0x00000000d2700000|100%| E|CS|TAMS 0x00000000d2600000, 0x00000000d2600000| Complete 
|1319|0x00000000d2700000, 0x00000000d2800000, 0x00000000d2800000|100%| E|CS|TAMS 0x00000000d2700000, 0x00000000d2700000| Complete 
|1320|0x00000000d2800000, 0x00000000d2900000, 0x00000000d2900000|100%| E|CS|TAMS 0x00000000d2800000, 0x00000000d2800000| Complete 
|1321|0x00000000d2900000, 0x00000000d2a00000, 0x00000000d2a00000|100%| E|CS|TAMS 0x00000000d2900000, 0x00000000d2900000| Complete 
|1322|0x00000000d2a00000, 0x00000000d2b00000, 0x00000000d2b00000|100%| E|CS|TAMS 0x00000000d2a00000, 0x00000000d2a00000| Complete 
|1323|0x00000000d2b00000, 0x00000000d2c00000, 0x00000000d2c00000|100%| E|CS|TAMS 0x00000000d2b00000, 0x00000000d2b00000| Complete 
|1324|0x00000000d2c00000, 0x00000000d2d00000, 0x00000000d2d00000|100%| E|CS|TAMS 0x00000000d2c00000, 0x00000000d2c00000| Complete 
|1325|0x00000000d2d00000, 0x00000000d2e00000, 0x00000000d2e00000|100%| E|CS|TAMS 0x00000000d2d00000, 0x00000000d2d00000| Complete 
|1326|0x00000000d2e00000, 0x00000000d2f00000, 0x00000000d2f00000|100%| E|CS|TAMS 0x00000000d2e00000, 0x00000000d2e00000| Complete 
|1327|0x00000000d2f00000, 0x00000000d3000000, 0x00000000d3000000|100%| E|CS|TAMS 0x00000000d2f00000, 0x00000000d2f00000| Complete 
|1328|0x00000000d3000000, 0x00000000d3100000, 0x00000000d3100000|100%| E|CS|TAMS 0x00000000d3000000, 0x00000000d3000000| Complete 
|1329|0x00000000d3100000, 0x00000000d3200000, 0x00000000d3200000|100%| E|CS|TAMS 0x00000000d3100000, 0x00000000d3100000| Complete 

Card table byte_map: [0x000002befb440000,0x000002befb840000] _byte_map_base: 0x000002befb040000

Marking Bits (Prev, Next): (CMBitMap*) 0x000002bef2fee6c0, (CMBitMap*) 0x000002bef2fee700
 Prev Bits: [0x000002befbc40000, 0x000002befdc40000)
 Next Bits: [0x000002befdc40000, 0x000002beffc40000)

Polling page: 0x000002bef0de0000

Metaspace:

Usage:
  Non-class:    118.90 MB used.
      Class:     19.35 MB used.
       Both:    138.25 MB used.

Virtual space:
  Non-class space:      128.00 MB reserved,     120.50 MB ( 94%) committed,  2 nodes.
      Class space:      416.00 MB reserved,      20.62 MB (  5%) committed,  1 nodes.
             Both:      544.00 MB reserved,     141.12 MB ( 26%) committed. 

Chunk freelists:
   Non-Class:  7.30 MB
       Class:  11.25 MB
        Both:  18.55 MB

MaxMetaspaceSize: 512.00 MB
CompressedClassSpaceSize: 416.00 MB
Initial GC threshold: 21.00 MB
Current GC threshold: 222.94 MB
CDS: on
MetaspaceReclaimPolicy: balanced
 - commit_granule_bytes: 65536.
 - commit_granule_words: 8192.
 - virtual_space_node_default_size: 8388608.
 - enlarge_chunks_in_place: 1.
 - new_chunks_are_fully_committed: 0.
 - uncommit_free_chunks: 1.
 - use_allocation_guard: 0.
 - handle_deallocations: 1.


Internal statistics:

num_allocs_failed_limit: 9.
num_arena_births: 4256.
num_arena_deaths: 0.
num_vsnodes_births: 3.
num_vsnodes_deaths: 0.
num_space_committed: 2257.
num_space_uncommitted: 0.
num_chunks_returned_to_freelist: 9.
num_chunks_taken_from_freelist: 11593.
num_chunk_merges: 9.
num_chunk_splits: 7088.
num_chunks_enlarged: 3908.
num_inconsistent_stats: 0.

CodeHeap 'non-profiled nmethods': size=120000Kb used=20325Kb max_used=20874Kb free=99674Kb
 bounds [0x000002be87ad0000, 0x000002be88f40000, 0x000002be8f000000]
CodeHeap 'profiled nmethods': size=120000Kb used=41207Kb max_used=42056Kb free=78792Kb
 bounds [0x000002be80000000, 0x000002be82950000, 0x000002be87530000]
CodeHeap 'non-nmethods': size=5760Kb used=2519Kb max_used=2601Kb free=3240Kb
 bounds [0x000002be87530000, 0x000002be877d0000, 0x000002be87ad0000]
 total_blobs=23463 nmethods=22398 adapters=976
 compilation: enabled
              stopped_count=0, restarted_count=0
 full_count=0

Compilation events (20 events):
Event: 64.055 Thread 0x000002be911c1150 28769       2       com.android.tools.r8.graph.K4::F (11 bytes)
Event: 64.056 Thread 0x000002be911c1150 nmethod 28769 0x000002be81086d90 code [0x000002be81086f20, 0x000002be81087058]
Event: 64.056 Thread 0x000002be911c1150 28772       3       com.android.tools.r8.graph.F0::isInterface (8 bytes)
Event: 64.056 Thread 0x000002be911c1150 nmethod 28772 0x000002be81221d10 code [0x000002be81221ec0, 0x000002be812220f8]
Event: 64.056 Thread 0x000002be911c1150 28770       2       com.android.tools.r8.dex.L::a (306 bytes)
Event: 64.057 Thread 0x000002be911c1150 nmethod 28770 0x000002be80e1a210 code [0x000002be80e1a500, 0x000002be80e1af98]
Event: 64.058 Thread 0x000002be911c1150 28774       3       com.android.tools.r8.graph.g::l (9 bytes)
Event: 64.058 Thread 0x000002be911c1150 nmethod 28774 0x000002be800e1890 code [0x000002be800e1a40, 0x000002be800e1bf8]
Event: 64.058 Thread 0x000002be911c1150 28773       3       com.android.tools.r8.graph.L4::j (32 bytes)
Event: 64.058 Thread 0x000002be911c1150 nmethod 28773 0x000002be806fc510 code [0x000002be806fc700, 0x000002be806fcc08]
Event: 64.058 Thread 0x000002be911c1150 28771       2       com.android.tools.r8.graph.k1::m1 (34 bytes)
Event: 64.058 Thread 0x000002be911c1150 nmethod 28771 0x000002be801f8f10 code [0x000002be801f90c0, 0x000002be801f9258]
Event: 64.060 Thread 0x000002be911c1150 28778       3       com.android.tools.r8.dex.L::a (306 bytes)
Event: 64.061 Thread 0x000002be911c1150 nmethod 28778 0x000002be81d15e10 code [0x000002be81d16220, 0x000002be81d18138]
Event: 64.063 Thread 0x000002be911c1150 28783       2       com.android.tools.r8.graph.P2$j::hashCode (8 bytes)
Event: 64.064 Thread 0x000002be911c1150 nmethod 28783 0x000002be81733a90 code [0x000002be81733c20, 0x000002be81733d38]
Event: 64.064 Thread 0x000002be911c1150 28784       3       com.android.tools.r8.dex.w$$Lambda$3415/0x000002be944af440::<init> (26 bytes)
Event: 64.064 Thread 0x000002be911c1150 nmethod 28784 0x000002be8042bd10 code [0x000002be8042bec0, 0x000002be8042c198]
Event: 64.066 Thread 0x000002be911c1150 28786       3       com.android.tools.r8.graph.P2$c::hashCode (15 bytes)
Event: 64.066 Thread 0x000002be911c1150 nmethod 28786 0x000002be80277f10 code [0x000002be802780c0, 0x000002be80278238]

GC Heap History (20 events):
Event: 53.781 GC heap after
{Heap after GC invocations=127 (full 0):
 garbage-first heap   total 880640K, used 647168K [0x0000000080000000, 0x0000000100000000)
  region size 1024K, 15 young (15360K), 15 survivors (15360K)
 Metaspace       used 133874K, committed 136832K, reserved 557056K
  class space    used 18828K, committed 20160K, reserved 425984K
}
Event: 53.969 GC heap before
{Heap before GC invocations=127 (full 0):
 garbage-first heap   total 880640K, used 726016K [0x0000000080000000, 0x0000000100000000)
  region size 1024K, 93 young (95232K), 15 survivors (15360K)
 Metaspace       used 133964K, committed 136896K, reserved 557056K
  class space    used 18830K, committed 20160K, reserved 425984K
}
Event: 54.020 GC heap after
{Heap after GC invocations=128 (full 0):
 garbage-first heap   total 880640K, used 688640K [0x0000000080000000, 0x0000000100000000)
  region size 1024K, 12 young (12288K), 12 survivors (12288K)
 Metaspace       used 133964K, committed 136896K, reserved 557056K
  class space    used 18830K, committed 20160K, reserved 425984K
}
Event: 54.110 GC heap before
{Heap before GC invocations=128 (full 0):
 garbage-first heap   total 880640K, used 740864K [0x0000000080000000, 0x0000000100000000)
  region size 1024K, 63 young (64512K), 12 survivors (12288K)
 Metaspace       used 133976K, committed 136896K, reserved 557056K
  class space    used 18830K, committed 20160K, reserved 425984K
}
Event: 54.139 GC heap after
{Heap after GC invocations=129 (full 0):
 garbage-first heap   total 880640K, used 716288K [0x0000000080000000, 0x0000000100000000)
  region size 1024K, 8 young (8192K), 8 survivors (8192K)
 Metaspace       used 133976K, committed 136896K, reserved 557056K
  class space    used 18830K, committed 20160K, reserved 425984K
}
Event: 54.228 GC heap before
{Heap before GC invocations=129 (full 0):
 garbage-first heap   total 880640K, used 752128K [0x0000000080000000, 0x0000000100000000)
  region size 1024K, 44 young (45056K), 8 survivors (8192K)
 Metaspace       used 133978K, committed 136896K, reserved 557056K
  class space    used 18830K, committed 20160K, reserved 425984K
}
Event: 54.249 GC heap after
{Heap after GC invocations=130 (full 0):
 garbage-first heap   total 1173504K, used 736256K [0x0000000080000000, 0x0000000100000000)
  region size 1024K, 6 young (6144K), 6 survivors (6144K)
 Metaspace       used 133978K, committed 136896K, reserved 557056K
  class space    used 18830K, committed 20160K, reserved 425984K
}
Event: 54.664 GC heap before
{Heap before GC invocations=130 (full 0):
 garbage-first heap   total 1173504K, used 892928K [0x0000000080000000, 0x0000000100000000)
  region size 1024K, 160 young (163840K), 6 survivors (6144K)
 Metaspace       used 134014K, committed 136960K, reserved 557056K
  class space    used 18830K, committed 20160K, reserved 425984K
}
Event: 54.724 GC heap after
{Heap after GC invocations=131 (full 0):
 garbage-first heap   total 1173504K, used 814538K [0x0000000080000000, 0x0000000100000000)
  region size 1024K, 20 young (20480K), 20 survivors (20480K)
 Metaspace       used 134014K, committed 136960K, reserved 557056K
  class space    used 18830K, committed 20160K, reserved 425984K
}
Event: 55.850 GC heap before
{Heap before GC invocations=132 (full 0):
 garbage-first heap   total 1361920K, used 923082K [0x0000000080000000, 0x0000000100000000)
  region size 1024K, 132 young (135168K), 20 survivors (20480K)
 Metaspace       used 137322K, committed 140288K, reserved 557056K
  class space    used 19291K, committed 20608K, reserved 425984K
}
Event: 55.892 GC heap after
{Heap after GC invocations=133 (full 0):
 garbage-first heap   total 1361920K, used 836608K [0x0000000080000000, 0x0000000100000000)
  region size 1024K, 17 young (17408K), 17 survivors (17408K)
 Metaspace       used 137322K, committed 140288K, reserved 557056K
  class space    used 19291K, committed 20608K, reserved 425984K
}
Event: 56.519 GC heap before
{Heap before GC invocations=133 (full 0):
 garbage-first heap   total 1361920K, used 885760K [0x0000000080000000, 0x0000000100000000)
  region size 1024K, 66 young (67584K), 17 survivors (17408K)
 Metaspace       used 138421K, committed 141376K, reserved 557056K
  class space    used 19461K, committed 20800K, reserved 425984K
}
Event: 56.543 GC heap after
{Heap after GC invocations=134 (full 0):
 garbage-first heap   total 1361920K, used 833150K [0x0000000080000000, 0x0000000100000000)
  region size 1024K, 7 young (7168K), 7 survivors (7168K)
 Metaspace       used 138421K, committed 141376K, reserved 557056K
  class space    used 19461K, committed 20800K, reserved 425984K
}
Event: 57.834 GC heap before
{Heap before GC invocations=134 (full 0):
 garbage-first heap   total 1361920K, used 1036926K [0x0000000080000000, 0x0000000100000000)
  region size 1024K, 200 young (204800K), 7 survivors (7168K)
 Metaspace       used 139274K, committed 142208K, reserved 557056K
  class space    used 19568K, committed 20864K, reserved 425984K
}
Event: 57.856 GC heap after
{Heap after GC invocations=135 (full 0):
 garbage-first heap   total 1361920K, used 857819K [0x0000000080000000, 0x0000000100000000)
  region size 1024K, 25 young (25600K), 25 survivors (25600K)
 Metaspace       used 139274K, committed 142208K, reserved 557056K
  class space    used 19568K, committed 20864K, reserved 425984K
}
Event: 59.146 GC heap before
{Heap before GC invocations=135 (full 0):
 garbage-first heap   total 1361920K, used 1072859K [0x0000000080000000, 0x0000000100000000)
  region size 1024K, 221 young (226304K), 25 survivors (25600K)
 Metaspace       used 141009K, committed 143936K, reserved 557056K
  class space    used 19780K, committed 21120K, reserved 425984K
}
Event: 59.186 GC heap after
{Heap after GC invocations=136 (full 0):
 garbage-first heap   total 1361920K, used 898106K [0x0000000080000000, 0x0000000100000000)
  region size 1024K, 26 young (26624K), 26 survivors (26624K)
 Metaspace       used 141009K, committed 143936K, reserved 557056K
  class space    used 19780K, committed 21120K, reserved 425984K
}
Event: 60.595 GC heap before
{Heap before GC invocations=136 (full 0):
 garbage-first heap   total 1361920K, used 1113146K [0x0000000080000000, 0x0000000100000000)
  region size 1024K, 212 young (217088K), 26 survivors (26624K)
 Metaspace       used 141375K, committed 144320K, reserved 557056K
  class space    used 19811K, committed 21120K, reserved 425984K
}
Event: 60.619 GC heap after
{Heap after GC invocations=137 (full 0):
 garbage-first heap   total 1361920K, used 902012K [0x0000000080000000, 0x0000000100000000)
  region size 1024K, 9 young (9216K), 9 survivors (9216K)
 Metaspace       used 141375K, committed 144320K, reserved 557056K
  class space    used 19811K, committed 21120K, reserved 425984K
}
Event: 64.092 GC heap before
{Heap before GC invocations=137 (full 0):
 garbage-first heap   total 1361920K, used 1175420K [0x0000000080000000, 0x0000000100000000)
  region size 1024K, 216 young (221184K), 9 survivors (9216K)
 Metaspace       used 141520K, committed 144448K, reserved 557056K
  class space    used 19819K, committed 21120K, reserved 425984K
}

Dll operation events (15 events):
Event: 0.013 Loaded shared library C:\Program Files\Microsoft\jdk-17.0.16.8-hotspot\bin\java.dll
Event: 0.028 Loaded shared library C:\Program Files\Microsoft\jdk-17.0.16.8-hotspot\bin\jsvml.dll
Event: 0.065 Loaded shared library C:\Program Files\Microsoft\jdk-17.0.16.8-hotspot\bin\zip.dll
Event: 0.069 Loaded shared library C:\Program Files\Microsoft\jdk-17.0.16.8-hotspot\bin\instrument.dll
Event: 0.073 Loaded shared library C:\Program Files\Microsoft\jdk-17.0.16.8-hotspot\bin\net.dll
Event: 0.074 Loaded shared library C:\Program Files\Microsoft\jdk-17.0.16.8-hotspot\bin\nio.dll
Event: 0.076 Loaded shared library C:\Program Files\Microsoft\jdk-17.0.16.8-hotspot\bin\zip.dll
Event: 0.309 Loaded shared library C:\Program Files\Microsoft\jdk-17.0.16.8-hotspot\bin\jimage.dll
Event: 0.563 Loaded shared library C:\Program Files\Microsoft\jdk-17.0.16.8-hotspot\bin\verify.dll
Event: 0.598 Loaded shared library D:\Android\Gradle\native\1def1411415f61bf3af743bc5b6707747c0891f09f0c88961ee8f79bc544acac\windows-amd64\native-platform.dll
Event: 0.615 Loaded shared library D:\Android\Gradle\native\0.2.8\x86_64-windows-gnu\gradle-fileevents.dll
Event: 1.489 Loaded shared library C:\Program Files\Microsoft\jdk-17.0.16.8-hotspot\bin\management.dll
Event: 1.492 Loaded shared library C:\Program Files\Microsoft\jdk-17.0.16.8-hotspot\bin\management_ext.dll
Event: 1.749 Loaded shared library C:\Program Files\Microsoft\jdk-17.0.16.8-hotspot\bin\extnet.dll
Event: 2.000 Loaded shared library C:\Program Files\Microsoft\jdk-17.0.16.8-hotspot\bin\sunmscapi.dll

Deoptimization events (20 events):
Event: 63.901 Thread 0x000002bebf873bb0 Uncommon trap: trap_request=0xffffff45 fr.pc=0x000002be88f260f0 relative=0x0000000000000230
Event: 63.901 Thread 0x000002bebf873bb0 Uncommon trap: reason=unstable_if action=reinterpret pc=0x000002be88f260f0 method=com.android.tools.r8.internal.zv.a(Lcom/android/tools/r8/internal/zv;Ljava/lang/Object;)Z @ 40 c2
Event: 63.901 Thread 0x000002bebf873bb0 DEOPT PACKING pc=0x000002be88f260f0 sp=0x000000cb606fe7a0
Event: 63.901 Thread 0x000002bebf873bb0 DEOPT UNPACKING pc=0x000002be875869a3 sp=0x000000cb606fe748 mode 2
Event: 63.941 Thread 0x000002bebf8745d0 Uncommon trap: trap_request=0xffffffc6 fr.pc=0x000002be88ef0a10 relative=0x0000000000000ab0
Event: 63.941 Thread 0x000002bebf8745d0 Uncommon trap: reason=bimorphic_or_optimized_type_check action=maybe_recompile pc=0x000002be88ef0a10 method=com.android.tools.r8.graph.m1.a(Lcom/android/tools/r8/internal/rs0;Lcom/android/tools/r8/internal/Ff;)I @ 6 c2
Event: 63.941 Thread 0x000002bebf8745d0 DEOPT PACKING pc=0x000002be88ef0a10 sp=0x000000cb60afea60
Event: 63.941 Thread 0x000002bebf8745d0 DEOPT UNPACKING pc=0x000002be875869a3 sp=0x000000cb60afea28 mode 2
Event: 63.941 Thread 0x000002bebf8745d0 Uncommon trap: trap_request=0xffffffc6 fr.pc=0x000002be88ef0a10 relative=0x0000000000000ab0
Event: 63.941 Thread 0x000002bebf8745d0 Uncommon trap: reason=bimorphic_or_optimized_type_check action=maybe_recompile pc=0x000002be88ef0a10 method=com.android.tools.r8.graph.m1.a(Lcom/android/tools/r8/internal/rs0;Lcom/android/tools/r8/internal/Ff;)I @ 6 c2
Event: 63.941 Thread 0x000002bebf8745d0 DEOPT PACKING pc=0x000002be88ef0a10 sp=0x000000cb60afea60
Event: 63.941 Thread 0x000002bebf8745d0 DEOPT UNPACKING pc=0x000002be875869a3 sp=0x000000cb60afea28 mode 2
Event: 63.941 Thread 0x000002bebf8745d0 Uncommon trap: trap_request=0xffffffc6 fr.pc=0x000002be88ef0a10 relative=0x0000000000000ab0
Event: 63.941 Thread 0x000002bebf8745d0 Uncommon trap: reason=bimorphic_or_optimized_type_check action=maybe_recompile pc=0x000002be88ef0a10 method=com.android.tools.r8.graph.m1.a(Lcom/android/tools/r8/internal/rs0;Lcom/android/tools/r8/internal/Ff;)I @ 6 c2
Event: 63.941 Thread 0x000002bebf8745d0 DEOPT PACKING pc=0x000002be88ef0a10 sp=0x000000cb60afea60
Event: 63.941 Thread 0x000002bebf8745d0 DEOPT UNPACKING pc=0x000002be875869a3 sp=0x000000cb60afea28 mode 2
Event: 63.941 Thread 0x000002bebf8745d0 Uncommon trap: trap_request=0xffffffc6 fr.pc=0x000002be88ef0a10 relative=0x0000000000000ab0
Event: 63.941 Thread 0x000002bebf8745d0 Uncommon trap: reason=bimorphic_or_optimized_type_check action=maybe_recompile pc=0x000002be88ef0a10 method=com.android.tools.r8.graph.m1.a(Lcom/android/tools/r8/internal/rs0;Lcom/android/tools/r8/internal/Ff;)I @ 6 c2
Event: 63.942 Thread 0x000002bebf8745d0 DEOPT PACKING pc=0x000002be88ef0a10 sp=0x000000cb60afea60
Event: 63.942 Thread 0x000002bebf8745d0 DEOPT UNPACKING pc=0x000002be875869a3 sp=0x000000cb60afea28 mode 2

Classes loaded (20 events):
Event: 53.621 Loading class java/nio/HeapShortBuffer
Event: 53.621 Loading class java/nio/HeapShortBuffer done
Event: 55.215 Loading class java/util/IdentityHashMap$EntrySet
Event: 55.215 Loading class java/util/IdentityHashMap$EntrySet done
Event: 56.096 Loading class java/util/IdentityHashMap$ValueIterator
Event: 56.096 Loading class java/util/IdentityHashMap$ValueIterator done
Event: 57.069 Loading class java/util/regex/Pattern$1
Event: 57.069 Loading class java/util/regex/Pattern$1 done
Event: 58.682 Loading class java/nio/charset/UnsupportedCharsetException
Event: 58.682 Loading class java/nio/charset/UnsupportedCharsetException done
Event: 58.685 Loading class jdk/internal/reflect/UnsafeByteFieldAccessorImpl
Event: 58.686 Loading class jdk/internal/reflect/UnsafeByteFieldAccessorImpl done
Event: 59.117 Loading class java/nio/ByteBufferAsShortBufferL
Event: 59.117 Loading class java/nio/ByteBufferAsShortBufferL done
Event: 59.266 Loading class java/util/zip/Adler32
Event: 59.268 Loading class java/util/zip/Adler32 done
Event: 62.373 Loading class java/util/IdentityHashMap$EntryIterator
Event: 62.373 Loading class java/util/IdentityHashMap$EntryIterator done
Event: 62.394 Loading class java/util/IdentityHashMap$EntryIterator$Entry
Event: 62.395 Loading class java/util/IdentityHashMap$EntryIterator$Entry done

Classes unloaded (0 events):
No events

Classes redefined (0 events):
No events

Internal exceptions (20 events):
Event: 56.402 Thread 0x000002bebf86fef0 Exception <a 'java/lang/NoSuchMethodError'{0x00000000d09daf88}: 'void java.lang.invoke.DirectMethodHandle$Holder.invokeStatic(java.lang.Object, java.lang.Object, java.lang.Object, java.lang.Object, java.lang.Object, java.lang.Object, java.lang.Object, java.lang.Object)'> (0x00000000d09daf88) 
thrown [s\src\hotspot\share\interpreter\linkResolver.cpp, line 759]
Event: 58.821 Thread 0x000002beb5721d20 Exception <a 'sun/nio/fs/WindowsException'{0x00000000ccec06a0}> (0x00000000ccec06a0) 
thrown [s\src\hotspot\share\prims\jni.cpp, line 516]
Event: 59.082 Thread 0x000002bebf875500 Exception <a 'java/lang/IncompatibleClassChangeError'{0x00000000c8e77980}: Found class java.lang.Object, but interface was expected> (0x00000000c8e77980) 
thrown [s\src\hotspot\share\interpreter\linkResolver.cpp, line 826]
Event: 59.114 Thread 0x000002bebf875500 Implicit null exception at 0x000002be88e187cc to 0x000002be88e18ab0
Event: 59.114 Thread 0x000002bebf876e50 Implicit null exception at 0x000002be88e187cc to 0x000002be88e18ab0
Event: 59.282 Thread 0x000002bebf875a10 Exception <a 'sun/nio/fs/WindowsException'{0x00000000d2e1fbb0}> (0x00000000d2e1fbb0) 
thrown [s\src\hotspot\share\prims\jni.cpp, line 516]
Event: 59.282 Thread 0x000002bebf875500 Exception <a 'sun/nio/fs/WindowsException'{0x00000000d178ffa0}> (0x00000000d178ffa0) 
thrown [s\src\hotspot\share\prims\jni.cpp, line 516]
Event: 59.283 Thread 0x000002bebf876e50 Exception <a 'sun/nio/fs/WindowsException'{0x00000000d31ae768}> (0x00000000d31ae768) 
thrown [s\src\hotspot\share\prims\jni.cpp, line 516]
Event: 59.283 Thread 0x000002bebf871330 Exception <a 'sun/nio/fs/WindowsException'{0x00000000d0d7cce8}> (0x00000000d0d7cce8) 
thrown [s\src\hotspot\share\prims\jni.cpp, line 516]
Event: 59.322 Thread 0x000002bebf876940 Exception <a 'sun/nio/fs/WindowsException'{0x00000000d06da3f8}> (0x00000000d06da3f8) 
thrown [s\src\hotspot\share\prims\jni.cpp, line 516]
Event: 59.344 Thread 0x000002bebf877360 Exception <a 'sun/nio/fs/WindowsException'{0x00000000cff9ce58}> (0x00000000cff9ce58) 
thrown [s\src\hotspot\share\prims\jni.cpp, line 516]
Event: 59.370 Thread 0x000002bebf871330 Exception <a 'sun/nio/fs/WindowsException'{0x00000000cf0eafe0}> (0x00000000cf0eafe0) 
thrown [s\src\hotspot\share\prims\jni.cpp, line 516]
Event: 59.378 Thread 0x000002bebf877d80 Exception <a 'sun/nio/fs/WindowsException'{0x00000000cf11bf50}> (0x00000000cf11bf50) 
thrown [s\src\hotspot\share\prims\jni.cpp, line 516]
Event: 59.397 Thread 0x000002bebf875a10 Exception <a 'sun/nio/fs/WindowsException'{0x00000000ce979888}> (0x00000000ce979888) 
thrown [s\src\hotspot\share\prims\jni.cpp, line 516]
Event: 59.400 Thread 0x000002bebf878290 Exception <a 'sun/nio/fs/WindowsException'{0x00000000ce40cd90}> (0x00000000ce40cd90) 
thrown [s\src\hotspot\share\prims\jni.cpp, line 516]
Event: 59.430 Thread 0x000002bebf875500 Exception <a 'sun/nio/fs/WindowsException'{0x00000000cdc718b0}> (0x00000000cdc718b0) 
thrown [s\src\hotspot\share\prims\jni.cpp, line 516]
Event: 59.434 Thread 0x000002bebf877870 Exception <a 'sun/nio/fs/WindowsException'{0x00000000cd93d5c0}> (0x00000000cd93d5c0) 
thrown [s\src\hotspot\share\prims\jni.cpp, line 516]
Event: 59.438 Thread 0x000002bebf876940 Exception <a 'sun/nio/fs/WindowsException'{0x00000000cdacd218}> (0x00000000cdacd218) 
thrown [s\src\hotspot\share\prims\jni.cpp, line 516]
Event: 59.517 Thread 0x000002bebf876430 Exception <a 'sun/nio/fs/WindowsException'{0x00000000ccdcdc00}> (0x00000000ccdcdc00) 
thrown [s\src\hotspot\share\prims\jni.cpp, line 516]
Event: 59.734 Thread 0x000002bebf876e50 Exception <a 'sun/nio/fs/WindowsException'{0x00000000cae303d0}> (0x00000000cae303d0) 
thrown [s\src\hotspot\share\prims\jni.cpp, line 516]

VM Operations (20 events):
Event: 59.277 Executing VM operation: HandshakeAllThreads done
Event: 59.500 Executing VM operation: ICBufferFull
Event: 59.500 Executing VM operation: ICBufferFull done
Event: 60.191 Executing VM operation: HandshakeAllThreads
Event: 60.191 Executing VM operation: HandshakeAllThreads done
Event: 60.595 Executing VM operation: G1CollectForAllocation
Event: 60.619 Executing VM operation: G1CollectForAllocation done
Event: 61.621 Executing VM operation: Cleanup
Event: 62.361 Executing VM operation: Cleanup done
Event: 62.372 Executing VM operation: HandshakeAllThreads
Event: 62.372 Executing VM operation: HandshakeAllThreads done
Event: 63.373 Executing VM operation: Cleanup
Event: 63.563 Executing VM operation: Cleanup done
Event: 63.702 Executing VM operation: HandshakeAllThreads
Event: 63.720 Executing VM operation: HandshakeAllThreads done
Event: 63.786 Executing VM operation: ICBufferFull
Event: 63.800 Executing VM operation: ICBufferFull done
Event: 63.821 Executing VM operation: HandshakeAllThreads
Event: 63.824 Executing VM operation: HandshakeAllThreads done
Event: 64.092 Executing VM operation: G1TryInitiateConcMark

Memory protections (0 events):
No events

Nmethod flushes (20 events):
Event: 63.890 Thread 0x000002be911c8f90 flushing  nmethod 0x000002be8267b090
Event: 63.890 Thread 0x000002be911c8f90 flushing  nmethod 0x000002be82680710
Event: 63.890 Thread 0x000002be911c8f90 flushing  nmethod 0x000002be82680a90
Event: 63.890 Thread 0x000002be911c8f90 flushing  nmethod 0x000002be8269a190
Event: 63.890 Thread 0x000002be911c8f90 flushing  nmethod 0x000002be8269b390
Event: 63.890 Thread 0x000002be911c8f90 flushing  nmethod 0x000002be826ab010
Event: 63.890 Thread 0x000002be911c8f90 flushing  nmethod 0x000002be826b3b90
Event: 63.890 Thread 0x000002be911c8f90 flushing  nmethod 0x000002be826b8390
Event: 63.890 Thread 0x000002be911c8f90 flushing  nmethod 0x000002be826b8890
Event: 63.890 Thread 0x000002be911c8f90 flushing  nmethod 0x000002be826bf810
Event: 63.890 Thread 0x000002be911c8f90 flushing  nmethod 0x000002be826c4710
Event: 63.890 Thread 0x000002be911c8f90 flushing  nmethod 0x000002be826c4e90
Event: 63.890 Thread 0x000002be911c8f90 flushing  nmethod 0x000002be826c6290
Event: 63.890 Thread 0x000002be911c8f90 flushing  nmethod 0x000002be826c9090
Event: 63.890 Thread 0x000002be911c8f90 flushing  nmethod 0x000002be826c9410
Event: 63.890 Thread 0x000002be911c8f90 flushing  nmethod 0x000002be826d4d90
Event: 63.890 Thread 0x000002be911c8f90 flushing  nmethod 0x000002be826d5c10
Event: 63.890 Thread 0x000002be911c8f90 flushing  nmethod 0x000002be826ddd10
Event: 63.890 Thread 0x000002be911c8f90 flushing  nmethod 0x000002be826de210
Event: 63.890 Thread 0x000002be911c8f90 flushing osr nmethod 0x000002be826df290

Events (20 events):
Event: 53.461 Thread 0x000002bebf870400 Thread added: 0x000002bebf870910
Event: 53.462 Thread 0x000002bebf870910 Thread added: 0x000002bebf8740c0
Event: 53.462 Thread 0x000002bebf8740c0 Thread added: 0x000002bebf8745d0
Event: 53.633 Thread 0x000002be911c1150 Thread added: 0x000002beb6e74b10
Event: 53.644 Thread 0x000002beb6e74b10 Thread added: 0x000002beb6e755b0
Event: 56.967 Thread 0x000002beb6e755b0 Thread exited: 0x000002beb6e755b0
Event: 57.011 Thread 0x000002be911c1150 Thread added: 0x000002beb8dd7ed0
Event: 57.575 Thread 0x000002beb8dd7ed0 Thread exited: 0x000002beb8dd7ed0
Event: 57.629 Thread 0x000002be911c1150 Thread added: 0x000002bec180ded0
Event: 58.837 Thread 0x000002beb5721d20 Thread added: 0x000002bebf871330
Event: 58.921 Thread 0x000002bebf86eab0 Thread added: 0x000002bebf876430
Event: 58.924 Thread 0x000002bebf86eab0 Thread added: 0x000002bebf876940
Event: 58.925 Thread 0x000002bebf86eab0 Thread added: 0x000002bebf875500
Event: 58.927 Thread 0x000002bebf86eab0 Thread added: 0x000002bebf876e50
Event: 58.929 Thread 0x000002bebf86eab0 Thread added: 0x000002bebf877360
Event: 58.932 Thread 0x000002bebf86eab0 Thread added: 0x000002bebf878290
Event: 58.934 Thread 0x000002bebf86eab0 Thread added: 0x000002bebf875a10
Event: 58.937 Thread 0x000002bebf86eab0 Thread added: 0x000002bebf877870
Event: 59.027 Thread 0x000002bebf86eab0 Thread added: 0x000002bebf877d80
Event: 62.362 Thread 0x000002bebf877360 Thread exited: 0x000002bebf877360


Dynamic libraries:
0x00007ff780850000 - 0x00007ff78085e000 	C:\Program Files\Microsoft\jdk-17.0.16.8-hotspot\bin\java.exe
0x00007ff8e1720000 - 0x00007ff8e1989000 	C:\Windows\SYSTEM32\ntdll.dll
0x00007ff8e0dd0000 - 0x00007ff8e0e99000 	C:\Windows\System32\KERNEL32.DLL
0x00007ff8de8e0000 - 0x00007ff8decd3000 	C:\Windows\System32\KERNELBASE.dll
0x00007ff8def80000 - 0x00007ff8df0cb000 	C:\Windows\System32\ucrtbase.dll
0x00007ff86d100000 - 0x00007ff86d11e000 	C:\Program Files\Microsoft\jdk-17.0.16.8-hotspot\bin\VCRUNTIME140.dll
0x00007ff86d010000 - 0x00007ff86d028000 	C:\Program Files\Microsoft\jdk-17.0.16.8-hotspot\bin\jli.dll
0x00007ff8e1110000 - 0x00007ff8e12d4000 	C:\Windows\System32\USER32.dll
0x00007ff8cb3b0000 - 0x00007ff8cb643000 	C:\Windows\WinSxS\amd64_microsoft.windows.common-controls_6595b64144ccf1df_6.0.26100.5074_none_3e0d6f78e32fd63f\COMCTL32.dll
0x00007ff8de8b0000 - 0x00007ff8de8d7000 	C:\Windows\System32\win32u.dll
0x00007ff8e12f0000 - 0x00007ff8e1399000 	C:\Windows\System32\msvcrt.dll
0x00007ff8e0bb0000 - 0x00007ff8e0bdb000 	C:\Windows\System32\GDI32.dll
0x00007ff8dee50000 - 0x00007ff8def7d000 	C:\Windows\System32\gdi32full.dll
0x00007ff8df0d0000 - 0x00007ff8df173000 	C:\Windows\System32\msvcp_win.dll
0x00007ff8e0be0000 - 0x00007ff8e0c0f000 	C:\Windows\System32\IMM32.DLL
0x00007ff8c6610000 - 0x00007ff8c661c000 	C:\Program Files\Microsoft\jdk-17.0.16.8-hotspot\bin\vcruntime140_1.dll
0x00007ff83fe20000 - 0x00007ff83fea9000 	C:\Program Files\Microsoft\jdk-17.0.16.8-hotspot\bin\msvcp140.dll
0x00007ff830cc0000 - 0x00007ff83193a000 	C:\Program Files\Microsoft\jdk-17.0.16.8-hotspot\bin\server\jvm.dll
0x00007ff8e0c20000 - 0x00007ff8e0cd4000 	C:\Windows\System32\ADVAPI32.dll
0x00007ff8e1450000 - 0x00007ff8e14f6000 	C:\Windows\System32\sechost.dll
0x00007ff8dfbc0000 - 0x00007ff8dfcd8000 	C:\Windows\System32\RPCRT4.dll
0x00007ff8e0ea0000 - 0x00007ff8e0f14000 	C:\Windows\System32\WS2_32.dll
0x00007ff8de710000 - 0x00007ff8de76e000 	C:\Windows\SYSTEM32\POWRPROF.dll
0x00007ff8d64a0000 - 0x00007ff8d64d5000 	C:\Windows\SYSTEM32\WINMM.dll
0x00007ff8d64e0000 - 0x00007ff8d64eb000 	C:\Windows\SYSTEM32\VERSION.dll
0x00007ff8de6f0000 - 0x00007ff8de704000 	C:\Windows\SYSTEM32\UMPDC.dll
0x00007ff8dd690000 - 0x00007ff8dd6ab000 	C:\Windows\SYSTEM32\kernel.appcore.dll
0x00007ff8c4060000 - 0x00007ff8c406a000 	C:\Program Files\Microsoft\jdk-17.0.16.8-hotspot\bin\jimage.dll
0x00007ff8dbd80000 - 0x00007ff8dbfc2000 	C:\Windows\SYSTEM32\DBGHELP.DLL
0x00007ff8df840000 - 0x00007ff8dfbbb000 	C:\Windows\System32\combase.dll
0x00007ff8dfce0000 - 0x00007ff8dfdb7000 	C:\Windows\System32\OLEAUT32.dll
0x00007ff8cab60000 - 0x00007ff8cab9d000 	C:\Windows\SYSTEM32\dbgcore.DLL
0x00007ff8df450000 - 0x00007ff8df4e9000 	C:\Windows\System32\bcryptPrimitives.dll
0x00007ff85be80000 - 0x00007ff85be8f000 	C:\Program Files\Microsoft\jdk-17.0.16.8-hotspot\bin\instrument.dll
0x00007ff86cfe0000 - 0x00007ff86d006000 	C:\Program Files\Microsoft\jdk-17.0.16.8-hotspot\bin\java.dll
0x00007ff83cdc0000 - 0x00007ff83ce96000 	C:\Program Files\Microsoft\jdk-17.0.16.8-hotspot\bin\jsvml.dll
0x00007ff8e0260000 - 0x00007ff8e09ad000 	C:\Windows\System32\SHELL32.dll
0x00007ff8dece0000 - 0x00007ff8dee4c000 	C:\Windows\System32\wintypes.dll
0x00007ff8dc4f0000 - 0x00007ff8dcd49000 	C:\Windows\SYSTEM32\windows.storage.dll
0x00007ff8e09b0000 - 0x00007ff8e0aa0000 	C:\Windows\System32\SHCORE.dll
0x00007ff8e0ac0000 - 0x00007ff8e0b22000 	C:\Windows\System32\shlwapi.dll
0x00007ff8de7d0000 - 0x00007ff8de7f9000 	C:\Windows\SYSTEM32\profapi.dll
0x00007ff85dfb0000 - 0x00007ff85dfc8000 	C:\Program Files\Microsoft\jdk-17.0.16.8-hotspot\bin\zip.dll
0x00007ff85f040000 - 0x00007ff85f05b000 	C:\Program Files\Microsoft\jdk-17.0.16.8-hotspot\bin\net.dll
0x00007ff8d7200000 - 0x00007ff8d731f000 	C:\Windows\SYSTEM32\WINHTTP.dll
0x00007ff8ddc10000 - 0x00007ff8ddc7b000 	C:\Windows\system32\mswsock.dll
0x00007ff85dfd0000 - 0x00007ff85dfe6000 	C:\Program Files\Microsoft\jdk-17.0.16.8-hotspot\bin\nio.dll
0x00007ff85e720000 - 0x00007ff85e730000 	C:\Program Files\Microsoft\jdk-17.0.16.8-hotspot\bin\verify.dll
0x00007ff83ae20000 - 0x00007ff83ae47000 	D:\Android\Gradle\native\1def1411415f61bf3af743bc5b6707747c0891f09f0c88961ee8f79bc544acac\windows-amd64\native-platform.dll
0x00007ff855f30000 - 0x00007ff855fa7000 	D:\Android\Gradle\native\0.2.8\x86_64-windows-gnu\gradle-fileevents.dll
0x00007ff8b5740000 - 0x00007ff8b574a000 	C:\Program Files\Microsoft\jdk-17.0.16.8-hotspot\bin\management.dll
0x00007ff8b40c0000 - 0x00007ff8b40cc000 	C:\Program Files\Microsoft\jdk-17.0.16.8-hotspot\bin\management_ext.dll
0x00007ff8dfdc0000 - 0x00007ff8dfdc8000 	C:\Windows\System32\PSAPI.DLL
0x00007ff8dd140000 - 0x00007ff8dd174000 	C:\Windows\SYSTEM32\IPHLPAPI.DLL
0x00007ff8e13a0000 - 0x00007ff8e13aa000 	C:\Windows\System32\NSI.dll
0x00007ff8d7a60000 - 0x00007ff8d7a7e000 	C:\Windows\SYSTEM32\dhcpcsvc6.DLL
0x00007ff8d7100000 - 0x00007ff8d7123000 	C:\Windows\SYSTEM32\dhcpcsvc.DLL
0x00007ff8dd180000 - 0x00007ff8dd2a6000 	C:\Windows\SYSTEM32\DNSAPI.dll
0x00007ff8a1a20000 - 0x00007ff8a1a29000 	C:\Program Files\Microsoft\jdk-17.0.16.8-hotspot\bin\extnet.dll
0x00007ff8ddeb0000 - 0x00007ff8ddecb000 	C:\Windows\SYSTEM32\CRYPTSP.dll
0x00007ff8dd5f0000 - 0x00007ff8dd62b000 	C:\Windows\system32\rsaenh.dll
0x00007ff8ddcb0000 - 0x00007ff8ddcdb000 	C:\Windows\SYSTEM32\USERENV.dll
0x00007ff8de7a0000 - 0x00007ff8de7c6000 	C:\Windows\SYSTEM32\bcrypt.dll
0x00007ff8dded0000 - 0x00007ff8ddedc000 	C:\Windows\SYSTEM32\CRYPTBASE.dll
0x00007ff8a6c10000 - 0x00007ff8a6c1e000 	C:\Program Files\Microsoft\jdk-17.0.16.8-hotspot\bin\sunmscapi.dll
0x00007ff8df240000 - 0x00007ff8df3b7000 	C:\Windows\System32\CRYPT32.dll
0x00007ff8de0d0000 - 0x00007ff8de100000 	C:\Windows\SYSTEM32\ncrypt.dll
0x00007ff8de080000 - 0x00007ff8de0bf000 	C:\Windows\SYSTEM32\NTASN1.dll
0x00007ff8a1d70000 - 0x00007ff8a1d78000 	C:\Windows\system32\wshunix.dll

dbghelp: loaded successfully - version: 4.0.5 - missing functions: none
symbol engine: initialized successfully - sym options: 0x614 - pdb path: .;C:\Program Files\Microsoft\jdk-17.0.16.8-hotspot\bin;C:\Windows\SYSTEM32;C:\Windows\WinSxS\amd64_microsoft.windows.common-controls_6595b64144ccf1df_6.0.26100.5074_none_3e0d6f78e32fd63f;C:\Program Files\Microsoft\jdk-17.0.16.8-hotspot\bin\server;D:\Android\Gradle\native\1def1411415f61bf3af743bc5b6707747c0891f09f0c88961ee8f79bc544acac\windows-amd64;D:\Android\Gradle\native\0.2.8\x86_64-windows-gnu

VM Arguments:
jvm_args: --add-opens=java.base/java.lang=ALL-UNNAMED --add-opens=java.base/java.lang.invoke=ALL-UNNAMED --add-opens=java.base/java.util=ALL-UNNAMED --add-opens=java.prefs/java.util.prefs=ALL-UNNAMED --add-exports=jdk.compiler/com.sun.tools.javac.api=ALL-UNNAMED --add-exports=jdk.compiler/com.sun.tools.javac.util=ALL-UNNAMED --add-opens=java.base/java.util=ALL-UNNAMED --add-opens=java.prefs/java.util.prefs=ALL-UNNAMED --add-opens=java.base/java.nio.charset=ALL-UNNAMED --add-opens=java.base/java.net=ALL-UNNAMED --add-opens=java.base/java.util.concurrent=ALL-UNNAMED --add-opens=java.base/java.util.concurrent.atomic=ALL-UNNAMED --add-opens=java.xml/javax.xml.namespace=ALL-UNNAMED -XX:MaxMetaspaceSize=512m -Xmx2048m -Dfile.encoding=windows-1252 -Duser.country=IN -Duser.language=en -Duser.variant -javaagent:D:\Android\Gradle\wrapper\dists\gradle-9.0.0-bin\d6wjpkvcgsg3oed0qlfss3wgl\gradle-9.0.0\lib\agents\gradle-instrumentation-agent-9.0.0.jar 
java_command: org.gradle.launcher.daemon.bootstrap.GradleDaemon 9.0.0
java_class_path (initial): D:\Android\Gradle\wrapper\dists\gradle-9.0.0-bin\d6wjpkvcgsg3oed0qlfss3wgl\gradle-9.0.0\lib\gradle-daemon-main-9.0.0.jar
Launcher Type: SUN_STANDARD

[Global flags]
     intx CICompilerCount                          = 4                                         {product} {ergonomic}
   size_t CompressedClassSpaceSize                 = 436207616                                 {product} {ergonomic}
     uint ConcGCThreads                            = 3                                         {product} {ergonomic}
     uint G1ConcRefinementThreads                  = 10                                        {product} {ergonomic}
   size_t G1HeapRegionSize                         = 1048576                                   {product} {ergonomic}
    uintx GCDrainStackTargetSize                   = 64                                        {product} {ergonomic}
   size_t InitialHeapSize                          = 257949696                                 {product} {ergonomic}
   size_t MarkStackSize                            = 4194304                                   {product} {ergonomic}
   size_t MaxHeapSize                              = 2147483648                                {product} {command line}
   size_t MaxMetaspaceSize                         = 536870912                                 {product} {command line}
   size_t MaxNewSize                               = 1287651328                                {product} {ergonomic}
   size_t MinHeapDeltaBytes                        = 1048576                                   {product} {ergonomic}
   size_t MinHeapSize                              = 8388608                                   {product} {ergonomic}
    uintx NonNMethodCodeHeapSize                   = 5839372                                {pd product} {ergonomic}
    uintx NonProfiledCodeHeapSize                  = 122909434                              {pd product} {ergonomic}
    uintx ProfiledCodeHeapSize                     = 122909434                              {pd product} {ergonomic}
    uintx ReservedCodeCacheSize                    = 251658240                              {pd product} {ergonomic}
     bool SegmentedCodeCache                       = true                                      {product} {ergonomic}
   size_t SoftMaxHeapSize                          = 2147483648                             {manageable} {ergonomic}
     bool UseCompressedClassPointers               = true                           {product lp64_product} {ergonomic}
     bool UseCompressedOops                        = true                           {product lp64_product} {ergonomic}
     bool UseG1GC                                  = true                                      {product} {ergonomic}
     bool UseLargePagesIndividualAllocation        = false                                  {pd product} {ergonomic}

Logging:
Log output configuration:
 #0: stdout all=warning uptime,level,tags
 #1: stderr all=off uptime,level,tags

Environment Variables:
JAVA_HOME=C:\Program Files\Microsoft\jdk-17.0.16.8-hotspot\
PATH=D:\Projects\MovieChatBot\node_modules\.bin;D:\Projects\node_modules\.bin;D:\node_modules\.bin;C:\Users\sanja\AppData\Roaming\npm\node_modules\npm\node_modules\@npmcli\run-script\lib\node-gyp-bin;c:\Users\sanja\AppData\Roaming\Code\User\globalStorage\github.copilot-chat\debugCommand;c:\Users\sanja\AppData\Roaming\Code\User\globalStorage\github.copilot-chat\copilotCli;C:\Users\sanja\AppData\Local\Programs\Microsoft VS Code;C:\Program Files\Microsoft\jdk-17.0.16.8-hotspot\bin;C:\Windows\system32;C:\Windows;C:\Windows\System32\Wbem;C:\Windows\System32\WindowsPowerShell\v1.0\;C:\Windows\System32\OpenSSH\;C:\Program Files\dotnet\;C:\ProgramData\chocolatey\bin;C:\Program Files\nodejs\;C:\Program Files\Git\cmd;C:\Users\sanja\OneDrive\Documents\platform-tools-latest-windows\platform-tools;C:\Users\sanja\AppData\Local\Microsoft\WindowsApps;C:\Users\sanja\AppData\Local\Programs\Microsoft VS Code\bin;C:\Users\sanja\AppData\Roaming\npm;C:\Users\sanja\AppData\Local\Android\Sdk\platforms;C:\Users\sanja\AppData\Local\Android\Sdk\emulator
USERNAME=sanja
LANG=en_US.UTF-8
OS=Windows_NT
PROCESSOR_IDENTIFIER=AMD64 Family 25 Model 80 Stepping 0, AuthenticAMD
TMP=C:\Users\sanja\AppData\Local\Temp
TEMP=C:\Users\sanja\AppData\Local\Temp



Periodic native trim disabled


---------------  S Y S T E M  ---------------

OS:
 Windows 11 , 64 bit Build 26100 (10.0.26100.5074)
OS uptime: 0 days 2:25 hours
Hyper-V role detected

CPU: total 12 (initial active 12) (12 cores per cpu, 2 threads per core) family 25 model 80 stepping 0 microcode 0xa500011, cx8, cmov, fxsr, ht, mmx, 3dnowpref, sse, sse2, sse3, ssse3, sse4a, sse4.1, sse4.2, popcnt, lzcnt, tsc, tscinvbit, avx, avx2, aes, erms, clmul, bmi1, bmi2, adx, sha, fma, vzeroupper, clflush, clflushopt, hv
Processor Information for the first 12 processors :
  Max Mhz: 2000, Current Mhz: 2000, Mhz Limit: 2000

Memory: 4k page, system-wide physical 15720M (3952M free)
TotalPageFile size 23912M (AvailPageFile size 486M)
current process WorkingSet (physical memory assigned to process): 1823M, peak: 1823M
current process commit charge ("private bytes"): 1939M, peak: 1963M

vm_info: OpenJDK 64-Bit Server VM (17.0.16+8-LTS) for windows-amd64 JRE (17.0.16+8-LTS), built on Jul 10 2025 00:24:24 by "MicrosoftCorporation" with unknown MS VC++:1944

END.
